Company,REF,Review Date,Cocoa Percent,Company Location,Rating,Bean Type,Bean Origin
A. Morin,1876,2016,63%,France,3.75, ,Sao Tome
A. Morin,1676,2015,70%,France,2.75, ,Togo
A. Morin,1676,2015,70%,France,3, ,Togo
A. Morin,1680,2015,70%,France,3.5, ,Togo
A. Morin,1704,2015,70%,France,3.5, ,Peru
A. Morin,1315,2014,70%,France,2.75,Criollo,Venezuela
A. Morin,1315,2014,70%,France,3.5, ,Cuba
A. Morin,1315,2014,70%,France,3.5,Criollo,Venezuela
A. Morin,1319,2014,70%,France,3.75,Criollo,Venezuela
A. Morin,1319,2014,70%,France,4, ,Peru
A. Morin,1011,2013,70%,France,2.75, ,Panama
A. Morin,1011,2013,70%,France,3,Criollo,Madagascar
A. Morin,1011,2013,70%,France,3.25, ,Brazil
A. Morin,1011,2013,70%,France,3.75, ,Ecuador
A. Morin,1015,2013,70%,France,2.75, ,Colombia
A. Morin,1015,2013,70%,France,3, ,Burma
A. Morin,1015,2013,70%,France,3.25, ,Papua New Guinea
A. Morin,1015,2013,70%,France,4,Trinitario,Venezuela
A. Morin,1019,2013,70%,France,3.25, ,Peru
A. Morin,1019,2013,70%,France,3.5, ,Peru
A. Morin,1019,2013,63%,France,4, ,Peru
A. Morin,797,2012,70%,France,3.5, ,Bolivia
A. Morin,797,2012,63%,France,3.75, ,Peru
Acalli,1462,2015,70%,U.S.A.,3.75, ,Peru
Acalli,1470,2015,70%,U.S.A.,3.75,Criollo,Peru
Adi,705,2011,60%,Fiji,2.75,Trinitario,Fiji
Adi,705,2011,80%,Fiji,3.25,Trinitario,Fiji
Adi,705,2011,88%,Fiji,3.5,Trinitario,Fiji
Adi,705,2011,72%,Fiji,3.5,Trinitario,Fiji
Aequare (Gianduja),370,2009,55%,Ecuador,2.75,Forastero (Arriba),Ecuador
Aequare (Gianduja),370,2009,70%,Ecuador,3,Forastero (Arriba),Ecuador
Ah Cacao,316,2009,70%,Mexico,3,Criollo,Mexico
Akesson's (Pralus),636,2011,75%,Switzerland,3.75,Trinitario,Indonesia
Akesson's (Pralus),502,2010,75%,Switzerland,2.75,Criollo,Madagascar
Akesson's (Pralus),508,2010,75%,Switzerland,2.75,Forastero,Brazil
Alain Ducasse,1215,2014,65%,France,2.75,Trinitario,Trinidad
Alain Ducasse,1215,2014,75%,France,2.75,Trinitario,Vietnam
Alain Ducasse,1215,2014,75%,France,3,Trinitario,Madagascar
Alain Ducasse,1061,2013,75%,France,2.5,Trinitario,Venezuela
Alain Ducasse,1173,2013,75%,France,2.5, ,Peru
Alexandre,1944,2017,70%,Netherlands,3.5,Forastero (Nacional),Ecuador
Alexandre,1944,2017,70%,Netherlands,3.5,"Criollo, Trinitario",Nicaragua
Alexandre,1944,2017,70%,Netherlands,3.5,Trinitario,Vietnam
Alexandre,1944,2017,70%,Netherlands,3.5,Forastero,Tanzania
Altus aka Cao Artisan,1728,2016,60%,U.S.A.,2.75, ,Nicaragua
Altus aka Cao Artisan,1728,2016,60%,U.S.A.,3, ,Peru
Altus aka Cao Artisan,1732,2016,60%,U.S.A.,2.5, ,Bolivia
Altus aka Cao Artisan,1732,2016,60%,U.S.A.,2.5, ,Peru
Altus aka Cao Artisan,1732,2016,60%,U.S.A.,2.75, ,Ecuador
Altus aka Cao Artisan,1125,2013,60%,U.S.A.,2.5, ,Venezuela
Altus aka Cao Artisan,1125,2013,60%,U.S.A.,3,Trinitario,Dominican Republic
Altus aka Cao Artisan,1129,2013,80%,U.S.A.,3.25, ,Bolivia
Altus aka Cao Artisan,1133,2013,60%,U.S.A.,3, ,Bolivia
Altus aka Cao Artisan,1133,2013,60%,U.S.A.,3.25, ,Peru
Amano,725,2011,70%,U.S.A.,4, ,Papua New Guinea
Amano,470,2010,70%,U.S.A.,3.75, ,Dominican Republic
Amano,470,2010,70%,U.S.A.,4, ,Ecuador
Amano,544,2010,70%,U.S.A.,3,Trinitario,Venezuela
Amano,363,2009,70%,U.S.A.,3, ,Venezuela
Amano,304,2008,70%,U.S.A.,2.75, ,Indonesia
Amano,129,2007,70%,U.S.A.,3.5,Trinitario,Madagascar
Amano,147,2007,70%,U.S.A.,3, ,Venezuela
Amano,175,2007,70%,U.S.A.,3.75,Criollo,Venezuela
Amatller (Simon Coll),322,2009,70%,Spain,3,Forastero,Ghana
Amatller (Simon Coll),327,2009,70%,Spain,2.75, ,Ecuador
Amatller (Simon Coll),464,2009,85%,Spain,2.75, ,Ecuador
Amatller (Simon Coll),464,2009,85%,Spain,3,Forastero,Ghana
Amazona,1145,2013,72%,Peru,3.25, ,Peru
Amazona,1145,2013,73%,Peru,3.5,Trinitario,Peru
Ambrosia,1494,2015,64%,Canada,3,Trinitario,Belize
Ambrosia,1494,2015,66%,Canada,3.25,Trinitario,Madagascar
Ambrosia,1498,2015,75%,Canada,3.25, ,Dominican Republic
Ambrosia,1498,2015,63%,Canada,3.25, ,Papua New Guinea
Ambrosia,1498,2015,70%,Canada,3.25, ,Venezuela
Ambrosia,1498,2015,68%,Canada,3.5, ,Peru
Amedei,979,2012,70%,Italy,3.75, ,Peru
Amedei,111,2007,70%,Italy,4,Criollo (Porcelana),Venezuela
Amedei,111,2007,75%,Italy,4,Blend, 
Amedei,111,2007,70%,Italy,5,Trinitario,Venezuela
Amedei,123,2007,70%,Italy,3,Trinitario,Ecuador
Amedei,123,2007,70%,Italy,3,Trinitario,Jamaica
Amedei,123,2007,70%,Italy,3.5,Trinitario,Grenada
Amedei,123,2007,70%,Italy,3.75,Trinitario (85% Criollo),Venezuela
Amedei,123,2007,70%,Italy,4,Trinitario (85% Criollo),Madagascar
Amedei,129,2007,70%,Italy,3.5,Trinitario,Trinidad
Amedei,170,2007,63%,Italy,3.5,Blend, 
Amedei,40,2006,70%,Italy,5,Blend, 
Amedei,75,2006,66%,Italy,4,Blend, 
AMMA,1065,2013,75%,Brazil,3.25,Forastero (Catongo),Brazil
AMMA,572,2010,85%,Brazil,2.75,Forastero (Parazinho),Brazil
AMMA,572,2010,50%,Brazil,3.75,Forastero (Parazinho),Brazil
AMMA,572,2010,75%,Brazil,3.75,Forastero (Parazinho),Brazil
AMMA,572,2010,60%,Brazil,4,Forastero (Parazinho),Brazil
Anahata,1259,2014,75%,U.S.A.,3, ,Dominican Republic
Animas,1852,2016,75%,U.S.A.,3.5, ,Bolivia
Ara,1375,2014,75%,France,3,Trinitario,Madagascar
Ara,1379,2014,72%,France,2.5, ,Mexico
Ara,1379,2014,75%,France,2.75, ,Ecuador
Ara,1379,2014,75%,France,3, ,Venezuela
Arete,1724,2016,70%,U.S.A.,3.5,Trinitario,Trinidad
Arete,1724,2016,70%,U.S.A.,3.75, ,Tanzania
Arete,1900,2016,73%,U.S.A.,3.5,Trinitario,Vietnam
Arete,1904,2016,70%,U.S.A.,3.25, ,Ecuador
Arete,1904,2016,70%,U.S.A.,3.25, ,Ecuador
Arete,1904,2016,70%,U.S.A.,3.5, ,Guatemala
Arete,1904,2016,70%,U.S.A.,3.75, ,Nicaragua
Arete,1908,2016,70%,U.S.A.,3.5, ,Honduras
Arete,1908,2016,70%,U.S.A.,4, ,Costa Rica
Arete,1924,2016,70%,U.S.A.,4,Forastero (Nacional),Peru
Arete,1928,2016,70%,U.S.A.,3.75, ,Dominican Republic
Arete,1928,2016,70%,U.S.A.,3.25, ,Fiji
Arete,1928,2016,73%,U.S.A.,3.25, ,Vietnam
Arete,1534,2015,70%,U.S.A.,3.5, ,Brazil
Arete,1534,2015,68%,U.S.A.,3.5,Forastero (Nacional),Peru
Arete,1534,2015,70%,U.S.A.,3.75,Forastero (Nacional),Ecuador
Arete,1598,2015,70%,U.S.A.,3.5, ,Domincan Republic
Arete,1598,2015,70%,U.S.A.,3.75,Trinitario,Belize
Arete,1598,2015,70%,U.S.A.,4,"Criollo, Trinitario",Nicaragua
Arete,1602,2015,75%,U.S.A.,2.75, ,Brazil
Arete,1602,2015,70%,U.S.A.,3.25, ,Guatemala
Arete,1602,2015,75%,U.S.A.,3.5, ,Ecuador
Artisan du Chocolat,1193,2013,72%,U.K.,3.25,Trinitario,Trinidad
Artisan du Chocolat,947,2012,72%,U.K.,3.75, ,Colombia
Artisan du Chocolat,729,2011,72%,U.K.,4, ,Haiti
Artisan du Chocolat,745,2011,72%,U.K.,2.75, ,Panama
Artisan du Chocolat,486,2010,100%,U.K.,1.75, ,Venezuela
Artisan du Chocolat,531,2010,72%,U.K.,3.75,Trinitario,Jamaica
Artisan du Chocolat,600,2010,72%,U.K.,3.25, ,Costa Rica
Artisan du Chocolat,600,2010,72%,U.K.,3.25,Trinitario,Vietnam
Artisan du Chocolat,600,2010,72%,U.K.,3.5, ,Indonesia
Artisan du Chocolat,355,2009,75%,U.K.,2.5,"Criollo, Trinitario",Venezuela
Artisan du Chocolat,355,2009,72%,U.K.,2.75,Trinitario,Indonesia
Artisan du Chocolat,363,2009,72%,U.K.,1.75, ,Brazil
Artisan du Chocolat,363,2009,80%,U.K.,3,"Criollo, Trinitario",Madagascar
Artisan du Chocolat,363,2009,75%,U.K.,3,Criollo,Peru
Artisan du Chocolat,363,2009,72%,U.K.,3.25,Trinitario,Dominican Republic
Artisan du Chocolat,300,2008,72%,U.K.,3.75,Forastero,Congo
Artisan du Chocolat (Casa Luker),1181,2013,72%,U.K.,2.75,Trinitario,Colombia
Askinosie,1780,2016,68%,U.S.A.,3.75,Trinitario,Tanzania
Askinosie,647,2011,72%,U.S.A.,3.75,Trinitario,Tanzania
Askinosie,661,2011,70%,U.S.A.,3.75,Trinitario,Honduras
Askinosie,331,2009,77%,U.S.A.,3.75,Trinitario,Philippines
Askinosie,141,2007,75%,U.S.A.,2.5,Trinitario,Mexico
Askinosie,175,2007,70%,U.S.A.,3,Forastero (Arriba),Ecuador
Bahen & Co.,1474,2015,80%,Australia,3.25, , 
Bahen & Co.,1474,2015,70%,Australia,3.5, ,Papua New Guinea
Bahen & Co.,995,2012,70%,Australia,3,Trinitario,Madagascar
Bahen & Co.,999,2012,70%,Australia,2.5, ,Brazil
Bahen & Co.,999,2012,70%,Australia,2.5,Blend, 
Bakau,1454,2015,70%,Peru,2.75, ,Peru
Bakau,1454,2015,70%,Peru,3.5, ,Peru
Bar Au Chocolat,1554,2015,70%,U.S.A.,3.5, ,Brazil
Bar Au Chocolat,1295,2014,70%,U.S.A.,4,Forastero (Nacional),Peru
Bar Au Chocolat,983,2012,70%,U.S.A.,3.25, ,Dominican Republic
Bar Au Chocolat,983,2012,70%,U.S.A.,3.5, ,Mexico
Bar Au Chocolat,983,2012,70%,U.S.A.,3.75,Trinitario,Madagascar
Baravelli's,955,2012,80%,Wales,2.75, ,Costa Rica
Batch,1840,2016,65%,U.S.A.,3.5, ,Domincan Republic
Batch,1868,2016,70%,U.S.A.,3.75, ,Brazil
Batch,1880,2016,65%,U.S.A.,3.25, ,Ecuador
Beau Cacao,1948,2017,73%,U.K.,3, ,Malaysia
Beau Cacao,1948,2017,72%,U.K.,3.25, ,Malaysia
Beehive,1784,2016,80%,U.S.A.,2.75, ,Brazil
Beehive,1784,2016,70%,U.S.A.,2.75, ,Domincan Republic
Beehive,1784,2016,70%,U.S.A.,2.75, ,Ecuador
Beehive,1788,2016,90%,U.S.A.,2.75, ,Ecuador
Belcolade,586,2010,64%,Belgium,2.75, ,Costa Rica
Belcolade,586,2010,64%,Belgium,2.75, ,Papua New Guinea
Belcolade,586,2010,64%,Belgium,2.75, ,Peru
Belcolade,586,2010,71%,Belgium,3.5, ,Ecuador
Bellflower,1800,2016,70%,U.S.A.,3.5,"Criollo, Trinitario",Tanzania
Bellflower,1804,2016,70%,U.S.A.,3.25, ,Bolivia
Bellflower,1864,2016,70%,U.S.A.,3.5, ,Domincan Republic
Belyzium,1768,2016,83%,Germany,2.75,Trinitario,Belize
Belyzium,1768,2016,78%,Germany,3,Trinitario,Belize
Belyzium,1768,2016,83%,Germany,3.5,Trinitario,Belize
Benoit Nihant,1141,2013,74%,Belgium,3.5,Trinitario,Cuba
Benoit Nihant,1141,2013,74%,Belgium,3.5,Criollo,Venezuela
Benoit Nihant,1141,2013,74%,Belgium,3.5,Criollo,Venezuela
Benoit Nihant,1141,2013,73%,Belgium,4,Trinitario,Ecuador
Benoit Nihant,757,2011,72%,Belgium,4,Trinitario,Indonesia
Benoit Nihant,773,2011,72%,Belgium,3.75,Trinitario,Madagascar
Bernachon,797,2012,55%,France,2.75, , 
Beschle (Felchlin),636,2011,64%,Switzerland,3,Trinitario,Madagascar
Beschle (Felchlin),636,2011,88%,Switzerland,3,Criollo,Venezuela
Beschle (Felchlin),636,2011,72%,Switzerland,3.5, ,Venezuela
Beschle (Felchlin),636,2011,72%,Switzerland,4, ,Ecuador
Beschle (Felchlin),508,2010,70%,Switzerland,3.25,Trinitario,Venezuela
Beschle (Felchlin),508,2010,74%,Switzerland,3.25,Criollo (Porcelana),Venezuela
Beschle (Felchlin),508,2010,64%,Switzerland,3.5, ,Indonesia
Beschle (Felchlin),508,2010,72%,Switzerland,3.5, ,Venezuela
Bisou,1482,2015,76%,U.S.A.,2.5, ,Nicaragua
Bisou,1486,2015,76%,U.S.A.,2.5, ,Costa Rica
Bisou,1486,2015,78%,U.S.A.,2.5, ,Costa Rica
Bisou,1486,2015,86%,U.S.A.,3.25,Trinitario,Belize
Bittersweet Origins,963,2012,72%,U.S.A.,3.5,Forastero,Ghana
Bittersweet Origins,478,2010,75%,U.S.A.,3.25, ,Indonesia
Bittersweet Origins,502,2010,70%,U.S.A.,3.75,Blend,"Dominican Rep., Bali"
Bittersweet Origins,558,2010,65%,U.S.A.,2.75, ,Indonesia
Bittersweet Origins,565,2010,70%,U.S.A.,3,Trinitario,Madagascar
Bittersweet Origins,565,2010,78%,U.S.A.,3,Criollo,Venezuela
Bittersweet Origins,414,2009,75%,U.S.A.,3, ,Dominican Republic
Bittersweet Origins,414,2009,65%,U.S.A.,3.5, ,Dominican Republic
Bittersweet Origins,423,2009,75%,U.S.A.,3.25,Trinitario,Madagascar
Bittersweet Origins,431,2009,65%,U.S.A.,3.5,Trinitario,Madagascar
Bittersweet Origins,233,2008,71%,U.S.A.,3,Trinitario,Madagascar
Bittersweet Origins,233,2008,75%,U.S.A.,3.5, ,Panama
Bittersweet Origins,233,2008,68%,U.S.A.,3.75, ,Dominican Republic
Bittersweet Origins,256,2008,70%,U.S.A.,3,Forastero,Ghana
Black Mountain,256,2008,70%,U.S.A.,2.75, ,Dominican Republic
Black Mountain,256,2008,70%,U.S.A.,2.75,Trinitario,Venezuela
Black Mountain,256,2008,70%,U.S.A.,3, ,Nicaragua
Black River (A. Morin),1331,2014,70%,U.K.,2.75,Trinitario,Jamaica
Blanxart,1046,2013,82%,Spain,3.5,Forastero,Congo
Blanxart,322,2009,72%,Spain,2.75, , 
Blue Bandana,1740,2016,82%,U.S.A.,3.5,Trinitario,Madagascar
Blue Bandana,1752,2016,75%,U.S.A.,2.75, ,Guatemala
Blue Bandana,1752,2016,75%,U.S.A.,3.5, ,Tanzania
Blue Bandana,1756,2016,75%,U.S.A.,3, ,Dominican Republic
Blue Bandana,911,2012,70%,U.S.A.,3.5, ,Guatemala
Blue Bandana,911,2012,70%,U.S.A.,3.75,Trinitario,Madagascar
Bonnat,1912,2016,75%,France,3.5, ,Mexico
Bonnat,1339,2014,75%,France,4, ,Brazil
Bonnat,1418,2014,75%,France,3.25, ,Dominican Republic
Bonnat,1418,2014,65%,France,3.75, ,"Venez,Africa,Brasil,Peru,Mex"
Bonnat,1038,2013,75%,France,3.5, ,Brazil
Bonnat,1042,2013,75%,France,3.25, ,Gabon
Bonnat,629,2011,75%,France,3.5,Trinitario,Cuba
Bonnat,629,2011,75%,France,3.5, ,Peru
Bonnat,629,2011,75%,France,3.5,Forastero (Nacional),Peru
Bonnat,629,2011,75%,France,3.75, ,Brazil
Bonnat,629,2011,75%,France,4, ,Haiti
Bonnat,629,2011,75%,France,4,Criollo,Madagascar
Bonnat,672,2011,75%,France,3.5, ,Brazil
Bonnat,761,2011,75%,France,3.25,Trinitario,Jamaica
Bonnat,331,2009,75%,France,3, ,Ivory Coast
Bonnat,336,2009,75%,France,2.75,Criollo,Peru
Bonnat,336,2009,75%,France,3,Criollo,Mexico
Bonnat,395,2009,75%,France,3,Criollo,Mexico
Bonnat,199,2008,75%,France,4,Criollo (Porcelana),Venezuela
Bonnat,123,2007,75%,France,2.5,Forastero (Arriba),Ecuador
Bonnat,24,2006,75%,France,3.75,Trinitario,Carribean
Bonnat,32,2006,75%,France,4, ,Venezuela
Bonnat,48,2006,75%,France,4,Criollo,Venezuela
Bonnat,75,2006,75%,France,4,Trinitario,Madagascar
Bonnat,81,2006,100%,France,1.5, , 
Bonnat,81,2006,75%,France,3, ,Sri Lanka
Bonnat,81,2006,75%,France,4,Trinitario,Venezuela
Bouga Cacao (Tulicorp),316,2009,77%,Ecuador,3.25,Forastero (Arriba),Ecuador
Bouga Cacao (Tulicorp),341,2009,100%,Ecuador,1.5,Forastero (Arriba),Ecuador
Bowler Man,1267,2014,70%,U.S.A.,2.75,Trinitario,Belize
Bowler Man,1271,2014,70%,U.S.A.,2.75, ,Dominican Republic
Brasstown aka It's Chocolate,1868,2016,70%,U.S.A.,3.5,Criollo,Venezuela
Brasstown aka It's Chocolate,1868,2016,70%,U.S.A.,3.75, ,Nicaragua
Brasstown aka It's Chocolate,1462,2015,68%,U.S.A.,3.75, ,Dominican Republic
Brasstown aka It's Chocolate,1255,2014,70%,U.S.A.,3.75,Trinitario,Belize
Brasstown aka It's Chocolate,1355,2014,70%,U.S.A.,4,Trinitario,Venezuela
Brasstown aka It's Chocolate,1125,2013,72%,U.S.A.,3,Trinitario,Dominican Republic
Brasstown aka It's Chocolate,1125,2013,70%,U.S.A.,3.25, ,Ecuador
Brasstown aka It's Chocolate,1129,2013,75%,U.S.A.,3.5,Forastero,Ghana
Brasstown aka It's Chocolate,1129,2013,85%,U.S.A.,3.5,Trinitario,Venezuela
Brazen,1514,2015,60%,U.S.A.,3, ,Dominican Republic
Brazen,1514,2015,80%,U.S.A.,3.25, ,Dominican Republic
Brazen,1514,2015,70%,U.S.A.,3.5, ,Guatemala
Brazen,1518,2015,80%,U.S.A.,2.75, ,Madagascar
Brazen,1518,2015,80%,U.S.A.,3.25,Trinitario,Belize
Brazen,1518,2015,60%,U.S.A.,3.25, ,Madagascar
Breeze Mill,1149,2013,70%,U.S.A.,3,Trinitario,Jamaica
Bright,1231,2014,72%,Australia,3,Trinitario,Madagascar
Bright,1231,2014,70%,Australia,3.5, ,Dominican Republic
Bright,1231,2014,72%,Australia,3.5, ,Ecuador
Bright,1235,2014,68%,Australia,2.75,Trinitario,Trinidad
Britarev,1638,2015,70%,Russia,3.25, ,Ecuador
Bronx Grrl Chocolate,1181,2013,68%,U.S.A.,2.75, ,Dominican Republic
Burnt Fork Bend,1299,2014,72%,U.S.A.,3.25,Trinitario,Trinidad
Burnt Fork Bend,1299,2014,72%,U.S.A.,3.5, ,Ecuador
Burnt Fork Bend,1303,2014,72%,U.S.A.,3.25,Trinitario,Belize
Burnt Fork Bend,1303,2014,72%,U.S.A.,3.25,Blend, 
Burnt Fork Bend,1323,2014,60%,U.S.A.,2.5, ,Ecuador
Cacao Arabuco,1606,2015,70%,Puerto Rico,2.5, ,Puerto Rico
Cacao Atlanta,1215,2014,75%,U.S.A.,2.5,Criollo,Peru
Cacao Atlanta,502,2010,75%,U.S.A.,2.5, ,Dominican Republic
Cacao Atlanta,502,2010,75%,U.S.A.,2.75, ,Dominican Republic
Cacao Atlanta,600,2010,75%,U.S.A.,2.25, ,Venezuela
Cacao Barry,1716,2016,65%,France,3.5,"Trinitario, Criollo",Haiti
Cacao Barry,586,2010,70%,France,3, ,Dominican Republic
Cacao Barry,300,2008,75%,France,2, ,Tanzania
Cacao Barry,141,2007,72%,France,2, ,Venezuela
Cacao Barry,147,2007,66%,France,3, ,Mexico
Cacao de Origen,1688,2015,77%,Venezuela,3.5,Trinitario,Venezuela
Cacao de Origen,1692,2015,75%,Venezuela,3.25,Trinitario,Venezuela
Cacao de Origen, Sucre region,1391,2014,75%,Venezuela,2.5, 
Cacao de Origen, Miranda, Chloe formula,1391,2014,74%,Venezuela,3.25
Cacao de Origen,1391,2014,75%,Venezuela,3.5,Trinitario,Venezuela
Cacao de Origen,1395,2014,70%,Venezuela,3.75,Trinitario,Venezuela
Cacao de Origin,1668,2015,74%,Venezuela,3.25, ,Venezuela
Cacao Hunters,1816,2016,71%,Colombia,3.75, ,Colombia
Cacao Hunters,1816,2016,74%,Colombia,3.75, ,Colombia
Cacao Hunters,1662,2015,72%,Colombia,3.75, ,Colombia
Cacao Hunters,1430,2014,64%,Colombia,3.5, ,Colombia
Cacao Hunters,1430,2014,70%,Colombia,3.5, ,Colombia
Cacao Hunters,1434,2014,69%,Colombia,2.75, ,Colombia
Cacao Hunters,1434,2014,70%,Colombia,3.25, ,Colombia
Cacao Market,1860,2016,70%,U.S.A.,3.5,Trinitario,Honduras
Cacao Prieto,991,2012,72%,U.S.A.,3.75,Criollo,Dominican Republic
Cacao Prieto,641,2011,72%,U.S.A.,3, ,Dominican Republic
Cacao Prieto,641,2011,66%,U.S.A.,3.75, ,Dominican Republic
Cacao Prieto,647,2011,65%,U.S.A.,3.25, ,Dominican Republic
Cacao Sampaka,1908,2016,70%,Spain,3.5,Criollo,Congo
Cacao Sampaka,508,2010,71%,Spain,3.5,Trinitario,Madagascar
Cacao Sampaka,523,2010,71%,Spain,3.75, ,Ecuador
Cacao Sampaka,523,2010,71%,Spain,4, ,Papua New Guinea
Cacao Sampaka,537,2010,71%,Spain,3.25,Trinitario,Grenada
Cacao Sampaka,537,2010,71%,Spain,3.5, ,Venezuela
Cacao Sampaka,537,2010,77%,Spain,3.5, ,Venezuela
Cacao Sampaka,336,2009,70%,Spain,4,Criollo,Mexico
Cacao Sampaka,346,2009,70%,Spain,4,Criollo,Mexico
Cacao Store,1684,2015,70%,Japan,3,Trinitario,Madagascar
Cacao Store,1684,2015,70%,Japan,3.25, ,Peru
Cacao Store,1684,2015,70%,Japan,3.5,Trinitario,Vietnam
Cacaosuyo (Theobroma Inversiones),1173,2013,70%,Peru,3.25, ,Peru
Cacaoyere (Ecuatoriana),237,2008,63%,Ecuador,3.5,Forastero (Arriba),Ecuador
Cacaoyere (Ecuatoriana),237,2008,71%,Ecuador,3.5,Forastero (Arriba),Ecuador
Cacaoyere (Ecuatoriana),245,2008,82%,Ecuador,2.5,Forastero (Arriba),Ecuador
Cacaoyere (Ecuatoriana),259,2008,91%,Ecuador,1.5,Forastero (Arriba),Ecuador
Callebaut,296,2008,60%,Belgium,2.75,Trinitario,Grenada
Callebaut,141,2007,70%,Belgium,1, ,Ecuador
C-Amaro,1442,2014,75%,Italy,2.5, ,Cuba
C-Amaro,1442,2014,72%,Italy,3, ,Dominican Republic
C-Amaro,1442,2014,70%,Italy,3.5,Blend, 
C-Amaro,1185,2013,100%,Italy,3.5, ,Ecuador
C-Amaro,809,2012,80%,Italy,3, ,Venezuela
C-Amaro,749,2011,78%,Italy,2.25,Forastero,Sao Tome
C-Amaro,765,2011,70%,Italy,2.5,Trinitario,Trinidad
Cao,1804,2016,75%,U.S.A.,2.5,Criollo,Venezuela
Cao,1804,2016,73%,U.S.A.,2.75, ,Tanzania
Cao,1804,2016,70%,U.S.A.,3,Criollo,Venezuela
Cao,1808,2016,75%,U.S.A.,3, ,Bolivia
Cao,1808,2016,70%,U.S.A.,3.25,Trinitario,Brazil
Caoni (Tulicorp),237,2008,77%,Ecuador,2,Forastero (Arriba),Ecuador
Caoni (Tulicorp),237,2008,77%,Ecuador,2.5,Forastero (Arriba),Ecuador
Caoni (Tulicorp),245,2008,77%,Ecuador,2.75,Forastero (Arriba),Ecuador
Caoni (Tulicorp),266,2008,55%,Ecuador,3,Forastero (Arriba),Ecuador
Caoni (Tulicorp),269,2008,55%,Ecuador,3.25,Forastero (Arriba),Ecuador
Caoni (Tulicorp),269,2008,55%,Ecuador,3.5,Forastero (Arriba),Ecuador
Captain Pembleton,1263,2014,70%,New Zealand,3.5,Trinitario,Papua New Guinea
Captain Pembleton,1263,2014,70%,New Zealand,3.75, ,Papua New Guinea
Caribeans,1582,2015,72%,Costa Rica,3.5, ,Guatemala
Caribeans,1586,2015,72%,Costa Rica,3.25, ,Costa Rica
Caribeans,1586,2015,72%,Costa Rica,3.5, ,Costa Rica
Caribeans,841,2012,72%,Costa Rica,3,Forastero,Costa Rica
Caribeans,845,2012,80%,Costa Rica,2.75,Forastero,Costa Rica
Carlotta Chocolat,1884,2016,65%,Colombia,3,Trinitario,Colombia
Carlotta Chocolat,1888,2016,65%,Colombia,3.25,Trinitario,Colombia
Carlotta Chocolat,1888,2016,65%,Colombia,3.25,Trinitario,Colombia
Carlotta Chocolat,1888,2016,65%,Colombia,3.5,Trinitario,Colombia
Carlotta Chocolat,1888,2016,65%,Colombia,3.5,CCN51,Colombia
Castronovo,1724,2016,72%,U.S.A.,4,Trinitario,Belize
Castronovo,1570,2015,72%,U.S.A.,3.5,Trinitario,Honduras
Castronovo,1570,2015,70%,U.S.A.,3.75,"Criollo, Trinitario",Domincan Republic
Castronovo,1574,2015,72%,U.S.A.,3.5, ,Venezuela
Castronovo,1347,2014,72%,U.S.A.,3.5,"Criollo, Trinitario",Colombia
Castronovo,1371,2014,76%,U.S.A.,3.5,"Criollo, Trinitario",Colombia
Castronovo,1407,2014,70%,U.S.A.,2.75,Trinitario,Dominican Republic
Castronovo,1101,2013,70%,U.S.A.,3,Trinitario,Bolivia
Castronovo,1101,2013,73%,U.S.A.,3.5,Trinitario,Dominican Republic
Castronovo,1105,2013,70%,U.S.A.,2.5,Criollo,Peru
Castronovo,1105,2013,70%,U.S.A.,3.25, ,Venezuela
Castronovo,1109,2013,72%,U.S.A.,3.25,Trinitario,Nicaragua
Castronovo,1153,2013,70%,U.S.A.,2.75,Criollo,Peru
Castronovo,1153,2013,72%,U.S.A.,3, ,Venezuela
Cello,1247,2014,70%,U.S.A.,2.5, ,Ecuador
Cello,1247,2014,70%,U.S.A.,2.75, ,Peru
Cello,1251,2014,70%,U.S.A.,2.75, ,Venezuela
Cello,1251,2014,70%,U.S.A.,3, ,Bolivia
Cemoi,404,2009,72%,France,2.75, ,Ecuador
Chaleur B,1426,2014,70%,Canada,2.75,Forastero,Uganda
Charm School,1900,2016,70%,U.S.A.,3.25, ,Belize
Chchukululu (Tulicorp),486,2010,55%,Ecuador,2.75,Forastero (Arriba),Ecuador
Chchukululu (Tulicorp),252,2008,75%,Ecuador,3,Forastero (Arriba),Ecuador
Chequessett,1235,2014,70%,U.S.A.,3.5, ,Costa Rica
Chloe Chocolat,672,2011,70%,France,3.5, , 
Chocablog,1454,2015,70%,U.K.,3.25, ,Ecuador
Choco Del Sol,1407,2014,75%,Germany,3,Trinitario,Belize
Choco Del Sol,1407,2014,82%,Germany,3.25,Trinitario,Belize
Choco Dong,1696,2015,70%,South Korea,2.75,Trinitario,Vietnam
Choco Dong,1696,2015,70%,South Korea,3.5,Trinitario,Malaysia
Chocolarder,1482,2015,65%,U.K.,2.5,Criollo,Peru
Chocolarder,1482,2015,65%,U.K.,2.75,Criollo,Peru
Chocolarder,1514,2015,80%,U.K.,2.5, ,Dominican Republic
Chocola'te,647,2011,70%,U.S.A.,3.75,Trinitario,Madagascar
Chocola'te,647,2011,68%,U.S.A.,3.75, ,Venezuela
Chocolate Alchemist-Philly,1772,2016,90%,U.S.A.,2.5, ,Peru
Chocolate Alchemist-Philly,1772,2016,80%,U.S.A.,2.5, , 
Chocolate Con Amor,1760,2016,70%,U.S.A.,2.5, ,Bolivia
Chocolate Con Amor,1760,2016,70%,U.S.A.,2.75, ,Uganda
Chocolate Con Amor,1764,2016,60%,U.S.A.,3, ,Dominican Republic
Chocolate Con Amor,1764,2016,75%,U.S.A.,3, ,Dominican Republic
Chocolate Con Amor,1764,2016,80%,U.S.A.,3,Criollo (Ocumare),Venezuela
Chocolate Con Amor,1764,2016,70%,U.S.A.,3.25, ,Ecuador
Chocolate Con Amor,1768,2016,80%,U.S.A.,2.75, ,Nicaragua
Chocolate Conspiracy,1259,2014,74%,U.S.A.,2.75, ,Peru
Chocolate Makers,1530,2015,75%,Amsterdam,3.25,Trinitario,Dominican Republic
Chocolate Makers,1530,2015,68%,Amsterdam,3.5,Forastero,Congo
Chocolate Makers,1530,2015,80%,Amsterdam,3.75,Criollo,Peru
"Chocolate Tree, The",1582,2015,69%,Scotland,3.75,Forastero (Nacional),Peru
"Chocolate Tree, The",1582,2015,80%,Scotland,3.75,Trinitario,Venezuela
"Chocolate Tree, The",1121,2013,70%,Scotland,3.75,Forastero (Nacional),Peru
"Chocolate Tree, The",919,2012,82%,Scotland,2.5,Forastero (Arriba),Ecuador
"Chocolate Tree, The",919,2012,68%,Scotland,2.75,Criollo,Peru
"Chocolate Tree, The",919,2012,72%,Scotland,3.25,Criollo,Madagascar
Chocolats Privilege,1219,2014,70%,Canada,2.5,Criollo,Mexico
ChocoReko,1454,2015,77%,Japan,3,Criollo,Venezuela
Chocosol,682,2011,65%,Canada,3.25, ,Mexico
Chocovic,478,2010,71%,Spain,3.25,Criollo,Mexico
Chocovic,478,2010,71%,Spain,3.5,Trinitario,Madagascar
Chocovic,439,2009,60%,Spain,3.25, , 
Chocovic,439,2009,75%,Spain,3.25, , 
Chocovic,209,2008,71%,Spain,3.5,Criollo,Venezuela
Chocovic,117,2007,71%,Spain,2.5,Forastero (Arriba),Ecuador
Chocovic,117,2007,71%,Spain,2.5,Trinitario,Grenada
Chocovic,117,2007,70%,Spain,3,Blend, 
Chocovivo,1522,2015,65%,U.S.A.,2.5,Trinitario,Mexico
Chocovivo,1522,2015,75%,U.S.A.,2.5,Trinitario,Mexico
Choklat,377,2009,80%,Canada,2.5,Criollo,Venezuela
Choklat,377,2009,70%,Canada,2.75,Criollo,Mexico
Choklat,377,2009,70%,Canada,3, ,Brazil
Choklat,377,2009,80%,Canada,3, ,Brazil
Choklat,377,2009,70%,Canada,3,Criollo,Venezuela
Chokolat Elot (Girard),1149,2013,42%,Martinique,2.75, ,Martinique
Choocsol,1832,2016,75%,Canada,3.25, ,Mexico
Christopher Morel (Felchlin),666,2011,68%,Canada,3.75,Forastero (Nacional),Peru
Chuao Chocolatier,445,2009,61%,U.S.A.,3,Criollo,Venezuela
Chuao Chocolatier (Pralus),486,2010,77%,U.S.A.,2.75,Trinitario,Venezuela
Claudio Corallo,470,2010,73.5%,Sao Tome,3.75,Forastero,Sao Tome & Principe
Claudio Corallo,209,2008,80%,Sao Tome,3,Forastero,Sao Tome & Principe
Claudio Corallo,227,2008,75%,Sao Tome,4,Forastero,Sao Tome & Principe
Claudio Corallo,252,2008,100%,Sao Tome,1,Forastero,Sao Tome & Principe
Cloudforest,1486,2015,73%,U.S.A.,3.5, ,Ecuador
Coleman & Davis,1646,2015,75%,U.S.A.,3,Trinitario,Madagascar
Compania de Chocolate (Salgado),579,2010,70%,Argentina,3.25, ,Venezuela
Compania de Chocolate (Salgado),292,2008,80%,Argentina,2.75,Trinitario,Venezuela
Compania de Chocolate (Salgado),292,2008,72%,Argentina,3.25, ,Bolivia
Compania de Chocolate (Salgado),292,2008,70%,Argentina,3.75,Criollo,Venezuela
Compania de Chocolate (Salgado),296,2008,88%,Argentina,2.75,Forastero (Nacional),Ecuador
Condor,1630,2015,76%,U.S.A.,3.5, ,Ecuador
Confluence,1916,2016,78%,U.S.A.,2.75,Trinitario,Vietnam
Coppeneur,1169,2013,65%,Germany,3.25,Forastero (Nacional),Ecuador
Coppeneur,813,2012,85%,Germany,3.5,Forastero,Ghana
Coppeneur,817,2012,100%,Germany,1.5, ,Ecuador
Coppeneur,821,2012,72%,Germany,3.75,Forastero,Sao Tome & Principe
Coppeneur,959,2012,70%,Germany,3.5,Trinitario,Madagascar
Coppeneur,470,2010,72%,Germany,3.25,Trinitario,Grenada
Coppeneur,478,2010,70%,Germany,3,Trinitario,Venezuela
Coppeneur,558,2010,72%,Germany,2.5,Nacional,Ecuador
Coppeneur,558,2010,72%,Germany,3,Trinitario,Trinidad
Coppeneur,558,2010,72%,Germany,3.25,Trinitario,Jamaica
Coppeneur,558,2010,72%,Germany,3.25,Criollo (Ocumare 61),Venezuela
Coppeneur,341,2009,72%,Germany,3,Criollo,Peru
Coppeneur,445,2009,62%,Germany,3.25,Criollo,Peru
Coppeneur,451,2009,70%,Germany,3.5,"Criollo, Trinitario",Venezuela
Coppeneur,451,2009,70%,Germany,3.75,"Criollo, Trinitario",Venezuela
Coppeneur,220,2008,72%,Germany,3,Criollo,Mexico
Coppeneur,220,2008,72%,Germany,3,Criollo (Porcelana),Venezuela
Coppeneur,196,2007,72%,Germany,3,Trinitario,Madagascar
Cote d' Or (Kraft),48,2006,70%,Belgium,1, , 
Cravve,1283,2014,70%,Australia,2.5,Forastero,Papua New Guinea
Cravve,1335,2014,83%,Australia,2.75,Trinitario,Vanuatu
Cravve,971,2012,75%,Australia,3.25,Forastero,Tanzania
Cravve,975,2012,65%,Australia,3.25,Trinitario,Brazil
Cravve,975,2012,67%,Australia,3.25,Trinitario,Fiji
Cravve,975,2012,64%,Australia,3.25,Trinitario,Vanuatu
Cravve,975,2012,75%,Australia,3.5,Forastero,Papua New Guinea
Creo,1736,2016,85%,U.S.A.,3.25,Forastero (Nacional),Ecuador
Creo,1736,2016,73%,U.S.A.,3.75,Forastero (Nacional),Ecuador
Daintree,1654,2015,70%,Australia,2.75, ,Australia
Daintree,785,2011,70%,Australia,3.25, ,Australia
Dalloway,1928,2017,72%,U.S.A.,2.75, ,Dominican Republic
Damson,1610,2015,70%,U.K.,3,Trinitario,Trinidad
Damson,1610,2015,70%,U.K.,3.5, ,Ecuador
Damson,1666,2015,70%,U.K.,2.25, ,Grenada
Damson,1666,2015,70%,U.K.,2.75, ,Nicaragua
Dandelion,1816,2016,70%,U.S.A.,3.75, , 
Dandelion,1446,2015,70%,U.S.A.,3,Trinitario,Belize
Dandelion,1219,2014,70%,U.S.A.,3.5,Trinitario,Belize
Dandelion,1295,2014,70%,U.S.A.,3.5, ,Ecuador
Dandelion,1303,2014,70%,U.S.A.,2.75, ,Liberia
Dandelion,1387,2014,70%,U.S.A.,3.75, ,Dominican Republic
Dandelion,1026,2013,70%,U.S.A.,2.75, ,Venezuela
Dandelion,1026,2013,70%,U.S.A.,3.25, ,Venezuela
Dandelion,1085,2013,70%,U.S.A.,3.5, ,Venezuela
Dandelion,1153,2013,70%,U.S.A.,3.5, ,Papua New Guinea
Dandelion,805,2012,70%,U.S.A.,3, ,Costa Rica
Dandelion,805,2012,70%,U.S.A.,3.25, ,Colombia
Dandelion,915,2012,70%,U.S.A.,3.75, ,Dominican Republic
Dandelion,654,2011,70%,U.S.A.,3.25, ,Dominican Republic
Dandelion,654,2011,70%,U.S.A.,3.25,Trinitario,Madagascar
Dandelion,654,2011,70%,U.S.A.,3.25, ,Tanzania
Danta,1223,2014,82%,Guatemala,3.25, ,Guatemala
Danta,987,2012,75%,Guatemala,3,Trinitario,Venezuela
Danta,987,2012,70%,Guatemala,3.75, ,Guatemala
Danta,987,2012,70%,Guatemala,3.75,Trinitario,Madagascar
Danta,987,2012,70%,Guatemala,4,Criollo,Guatemala
Danta,991,2012,70%,Guatemala,3.25, ,Guatemala
Danta,661,2011,60%,Guatemala,3.5, ,Guatemala
Danta,423,2009,75%,Guatemala,3,Criollo,Guatemala
Danta,423,2009,60%,Guatemala,3.25,Criollo,Guatemala
DAR,1920,2016,72%,U.S.A.,2.75, ,Venezuela
DAR,1920,2016,72%,U.S.A.,3,Trinitario,Vietnam
DAR,1920,2016,70%,U.S.A.,3.25, ,"Ecuador, Costa Rica"
Dark Forest,1708,2016,75%,U.S.A.,3.25, ,Bolivia
Dark Forest,1550,2015,70%,U.S.A.,3,Trinitario,Madagascar
Dark Forest,1550,2015,70%,U.S.A.,3.25, ,Venezuela
Dark Forest,1554,2015,70%,U.S.A.,3, ,Tanzania
Dark Forest,1554,2015,70%,U.S.A.,3.25, ,Ecuador
Davis,1093,2013,70%,U.S.A.,2.5,Forastero,Ghana
Davis,1093,2013,70%,U.S.A.,2.75, ,Dominican Republic
Davis,1093,2013,70%,U.S.A.,2.75, ,Venezuela
Davis,907,2012,58%,U.S.A.,3.25,Forastero,West Africa
De Mendes,1462,2015,72%,Brazil,3.5, ,Brazil
De Mendes,1462,2015,65%,Brazil,3.5, ,Brazil
De Villiers,1832,2016,70%,South Africa,2.5,Forastero,Uganda
De Villiers,1832,2016,70%,South Africa,3, ,Madagascar
Dean and Deluca (Belcolade),170,2007,66%,U.S.A.,2.5,Trinitario,Madagascar
Dean and Deluca (Belcolade),175,2007,64%,U.S.A.,3, ,Costa Rica
Dean and Deluca (Belcolade),175,2007,71%,U.S.A.,3, ,Ecuador
Dean and Deluca (Belcolade),175,2007,60%,U.S.A.,3,Forastero,Ghana
Dean and Deluca (Belcolade),180,2007,64%,U.S.A.,3, ,Papua New Guinea
Dean and Deluca (Belcolade),180,2007,64%,U.S.A.,3, ,Peru
Debauve & Gallais (Michel Cluizel),423,2009,64%,France,3, ,Papua New Guinea
Debauve & Gallais (Michel Cluizel),263,2008,66%,France,3.75, ,Venezuela
Desbarres,1916,2016,72%,Canada,2.5, ,Tanzania
DeVries,241,2008,80%,U.S.A.,2.75, ,Bolivia
DeVries,166,2007,77%,U.S.A.,3.5,Trinitario,Costa Rica
DeVries,166,2007,77%,U.S.A.,3.5, ,Dominican Republic
Dick Taylor,1952,2017,70%,U.S.A.,3.75, ,Guatemala
Dick Taylor,1864,2016,78%,U.S.A.,3.5,Trinitario,Vietnam
Dick Taylor,1634,2015,70%,U.S.A.,3.75, ,Bolivia
Dick Taylor,1235,2014,74%,U.S.A.,3.5, ,Dominican Republic
Dick Taylor,1034,2013,70%,U.S.A.,3.25, ,Ecuador
Dick Taylor,1193,2013,76%,U.S.A.,3.5, ,Ecuador
Dick Taylor,895,2012,75%,U.S.A.,2.75, ,Bolivia
Dick Taylor,955,2012,72%,U.S.A.,2.75,Trinitario,Belize
Dick Taylor,661,2011,80%,U.S.A.,2.75,Trinitario,Madagascar
Dick Taylor,661,2011,72%,U.S.A.,3,Trinitario,Madagascar
Dick Taylor,682,2011,75%,U.S.A.,2.75,Criollo,Venezuela
Dick Taylor,769,2011,74%,U.S.A.,3, ,Dominican Republic
Dick Taylor,769,2011,70%,U.S.A.,3.25, ,Ecuador
Doble & Bignall,1688,2015,85%,U.K.,3, ,Venezuela
Doble & Bignall,1371,2014,72%,U.K.,3.25, ,Panama
Doble & Bignall,1371,2014,72%,U.K.,3.25,Trinitario,Venezuela
Doble & Bignall,1407,2014,72%,U.K.,3.5,"Criollo, Trinitario",Nicaragua
Dole (Guittard),311,2009,70%,U.S.A.,3.75, ,Hawaii
Dolfin (Belcolade),304,2008,88%,Belgium,3,Forastero,West Africa
Dolfin (Belcolade),63,2006,70%,Belgium,1.5, , 
Domori,1672,2015,70%,Italy,3.75, ,Ecuador
Domori,1672,2015,70%,Italy,3.75,Criollo (Ocumare 77),Venezuela
Domori,1109,2013,100%,Italy,3,Criollo,Venezuela
Domori,863,2012,70%,Italy,3.5, ,Tanzania
Domori,863,2012,70%,Italy,3.75,Criollo,Venezuela
Domori,693,2011,70%,Italy,3.5,Criollo,Venezuela
Domori,470,2010,70%,Italy,3,Trinitario,Venezuela
Domori,227,2008,70%,Italy,3,Trinitario,Venezuela
Domori,272,2008,70%,Italy,3, ,Colombia
Domori,272,2008,78%,Italy,3.5,Blend, 
Domori,272,2008,70%,Italy,3.75,Blend, 
Domori,111,2007,70%,Italy,4,Criollo (Porcelana),Venezuela
Domori,129,2007,75%,Italy,3.25,Criollo (Ocumare 61),Venezuela
Domori,135,2007,60%,Italy,3.25,Trinitario,Venezuela
Domori,135,2007,70%,Italy,3.5,Trinitario,Madagascar
Domori,192,2007,70%,Italy,3.5,Criollo,Madagascar
Domori,192,2007,70%,Italy,3.75,Criollo,Indonesia
Domori,192,2007,70%,Italy,4,Forastero (Arriba),Ecuador
Domori,192,2007,70%,Italy,4,Criollo (Ocumare 67),Venezuela
Domori,87,2006,70%,Italy,3,Trinitario,Venezuela
Domori,87,2006,70%,Italy,3.25,Trinitario,Peru
Domori,87,2006,70%,Italy,3.5,Trinitario,Venezuela
Dormouse,1880,2016,75%,U.K.,2.75,Trinitario,Grenada
Dormouse,1672,2015,70%,U.K.,2.5,Trinitario,Venezuela
Dormouse,1676,2015,80%,U.K.,2.75,"Criollo, Trinitario",Colombia
Dormouse,1676,2015,77%,U.K.,2.75,"Criollo, Trinitario",Madagascar
Duffy's,1662,2015,70%,U.K.,4,Criollo,Guatemala
Duffy's,1331,2014,70%,U.K.,3.5,Criollo,Nicaragua
Duffy's,1331,2014,76%,U.K.,3.75,Criollo,Nicaragua
Duffy's,923,2012,72%,U.K.,3.75, ,Venezuela
Duffy's,623,2011,72%,U.K.,3.75,Criollo,Honduras
Duffy's,661,2011,65%,U.K.,3.5, ,Dominican Republic
Duffy's,697,2011,72%,U.K.,3, ,Panama
Duffy's,697,2011,71%,U.K.,3.25,Criollo,Nicaragua
Duffy's,765,2011,71%,U.K.,3.5, ,Venezuela
Duffy's,516,2010,70%,U.K.,3.5, ,Panama
Duffy's,516,2010,72%,U.K.,3.75, ,Ecuador
Duffy's,523,2010,70%,U.K.,2.5, ,Ecuador
Duffy's,523,2010,70%,U.K.,3.75, ,Peru
Dulcinea,1506,2015,70%,U.S.A.,3.25, ,Dominican Republic
Durand,841,2012,82%,France,2.75,Trinitario,Madagascar
Durci,1626,2015,70%,U.S.A.,3.5,Forastero (Nacional),Peru
Durci,1626,2015,70%,U.S.A.,3.5,Trinitario,Venezuela
Durci,1630,2015,70%,U.S.A.,3.25, ,Domincan Republic
Durci,1630,2015,70%,U.S.A.,3.25,Trinitario,Venezuela
Durci,1630,2015,70%,U.S.A.,4, ,Ecuador
East Van Roasters,1343,2014,70%,Canada,3.25, ,Peru
East Van Roasters,1343,2014,70%,Canada,3.5,Trinitario,Madagascar
East Van Roasters,1343,2014,70%,Canada,3.75, ,Dominican Republic
Eau de Rose,1812,2016,70%,Canada,3.25, ,Colombia
Eau de Rose,1812,2016,70%,Canada,3.25, ,Colombia
Eclat (Felchlin),919,2012,72%,U.S.A.,2.75,Forastero (Nacional),Peru
Edelmond,1876,2016,68%,Germany,3,Criollo,Venezuela
El Ceibo,709,2011,75%,Bolivia,3.75, ,Bolivia
El Ceibo,252,2008,71%,Bolivia,2.75, ,Bolivia
El Rey,1662,2015,70%,Venezuela,3.75, ,Venezuela
El Rey,439,2009,60.5%,Venezuela,2.75,Trinitario,Venezuela
El Rey,439,2009,70%,Venezuela,3,Trinitario,Venezuela
El Rey,206,2008,74%,Venezuela,2.5,Criollo,Venezuela
El Rey,206,2008,58%,Venezuela,2.5,Criollo,Venezuela
El Rey,206,2008,61%,Venezuela,3,Criollo,Venezuela
El Rey,32,2006,70%,Venezuela,2.75,Criollo,Venezuela
Emerald Estate,1137,2013,60%,St. Lucia,2.75, ,St. Lucia
Emerald Estate,1137,2013,70%,St. Lucia,3.25, ,St. Lucia
Emily's,1450,2015,79%,Japan,3, ,Venezuela
Emily's,1454,2015,78%,Japan,3.5,Criollo,Peru
ENNA,1916,2016,75%,U.S.A.,3.25, ,Honduras
Enric Rovira (Claudio Corallo),565,2010,80%,Spain,3.25,Forastero,Sao Tome & Principe
Erithaj (A. Morin),1205,2014,70%,France,3.25,Trinitario,Vietnam
Erithaj (A. Morin),1209,2014,80%,France,3,Trinitario,Vietnam
Erithaj (A. Morin),1209,2014,74%,France,3.25,Trinitario,Vietnam
Escazu,903,2012,70%,U.S.A.,2.75,Trinitario,Venezuela
Escazu,414,2009,65%,U.S.A.,2, ,Costa Rica
Escazu,423,2009,81%,U.S.A.,3.5,Criollo,Venezuela
Escazu,431,2009,74%,U.S.A.,2.75, ,"Cost Rica, Ven"
Escazu,252,2008,72%,U.S.A.,3,Criollo,Venezuela
Ethel's Artisan (Mars),666,2011,55%,U.S.A.,2.5, ,"Peru, Madagascar"
Ethel's Artisan (Mars),666,2011,55%,U.S.A.,2.5,Trinitario,Trinidad
Ethel's Artisan (Mars),666,2011,70%,U.S.A.,2.5,Criollo (Porcelana),Venezuela
Ethel's Artisan (Mars),666,2011,62%,U.S.A.,2.75, , 
Ethel's Artisan (Mars),672,2011,62%,U.S.A.,2.5, ,"Venezuela, Trinidad"
Ethereal,1275,2014,80%,U.S.A.,3,Trinitario,Belize
Ethereal,1275,2014,80%,U.S.A.,3.5, ,Ecuador
Ethereal,1275,2014,80%,U.S.A.,3.75, ,Dominican Republic
Fearless (AMMA),565,2010,75%,U.S.A.,2.75, ,Brazil
Feitoria Cacao,1732,2016,76%,Portugal,3, ,Jamaica
Feitoria Cacao,1736,2016,76%,Portugal,2.5, ,Venezuela
Feitoria Cacao,1736,2016,76%,Portugal,2.75,Trinitario,Belize
Felchlin,494,2010,58%,Switzerland,3.5,Trinitario,Grenada
Felchlin,105,2006,62%,Switzerland,2, , 
Felchlin,105,2006,74%,Switzerland,3,"Trinitario, Criollo",Dominican Republic
Felchlin,48,2006,64%,Switzerland,3,Criollo,Madagascar
Felchlin,48,2006,65%,Switzerland,3,Criollo,Venezuela
Felchlin,48,2006,72%,Switzerland,3.5,Forastero (Arriba),Ecuador
Felchlin,56,2006,68%,Switzerland,4,Criollo (Wild),Bolivia
Finca,1283,2014,65%,U.S.A.,2.25, ,Puerto Rico
Finca,1283,2014,80%,U.S.A.,3, ,Dominican Republic
Finca,1283,2014,70%,U.S.A.,3.25, ,Dominican Republic
Finca,1287,2014,85%,U.S.A.,2.5, ,Dominican Republic
Forever Cacao,1267,2014,72%,U.K.,2.75,Criollo,Peru
Forteza (Cortes),1776,2016,70%,Puerto Rico,2.75, ,Domincan Republic
Forteza (Cortes),1776,2016,80%,Puerto Rico,2.75, ,Domincan Republic
Fossa,1772,2016,70%,Singapore,2.75, ,Madagascar
Fossa,1776,2016,75%,Singapore,3.5, ,Ecuador
Fossa,1776,2016,67%,Singapore,3.75,Trinitario,Tanzania
Franceschi,1355,2014,70%,Venezuela,3.5, ,Venezuela
Franceschi,1355,2014,70%,Venezuela,3.75, ,Venezuela
Franceschi,911,2012,70%,Venezuela,3.75, ,Venezuela
Franceschi,915,2012,60%,Venezuela,3.5, ,Venezuela
Frederic Blondeel,1538,2015,70%,Belgium,3.5, ,Costa Rica
Frederic Blondeel,1538,2015,75%,Belgium,3.5, ,Peru
Frederic Blondeel,1542,2015,80%,Belgium,3,Trinitario,Vietnam
Frederic Blondeel,1351,2014,60%,Belgium,3.5,Forastero,Ghana
Frederic Blondeel,1351,2014,65%,Belgium,3.5,Trinitario,Madagascar
French Broad,1940,2017,70%,U.S.A.,3.5, ,Peru
French Broad,1634,2015,73%,U.S.A.,3.5, ,Guatemala
French Broad,1209,2014,80%,U.S.A.,3, ,Costa Rica
French Broad,1295,2014,68%,U.S.A.,3.25, ,Nicaragua
French Broad,1042,2013,66%,U.S.A.,3.5, ,Peru
French Broad,883,2012,70%,U.S.A.,2.5,Criollo,Peru
French Broad,883,2012,61%,U.S.A.,3.5, ,Peru
French Broad,887,2012,81%,U.S.A.,2, ,Peru
French Broad,781,2011,70%,U.S.A.,3.5,Forastero (Nacional),Peru
French Broad,785,2011,65%,U.S.A.,3.5, ,Dominican Republic
Fresco,1383,2014,70%,U.S.A.,3,Forastero (Nacional),Peru
Fresco,1383,2014,70%,U.S.A.,3.5,Forastero (Nacional),Peru
Fresco,1383,2014,70%,U.S.A.,3.5,Forastero (Nacional),Peru
Fresco,1387,2014,70%,U.S.A.,3.5,Forastero (Nacional),Peru
Fresco,1030,2013,72%,U.S.A.,3.25, ,Dominican Republic
Fresco,1081,2013,72%,U.S.A.,3.75, ,Dominican Republic
Fresco,1117,2013,70%,U.S.A.,3.75, ,Peru
Fresco,1149,2013,70%,U.S.A.,4,Trinitario,Peru
Fresco,899,2012,69%,U.S.A.,3.5, ,Papua New Guinea
Fresco,899,2012,69%,U.S.A.,3.5, ,Papua New Guinea
Fresco,915,2012,74%,U.S.A.,4,Trinitario,Madagascar
Fresco,927,2012,69%,U.S.A.,4,Trinitario,Papua New Guinea
Fresco,931,2012,69%,U.S.A.,3,Trinitario,Papua New Guinea
Fresco,636,2011,74%,U.S.A.,2.75,Forastero,Ghana
Fresco,642,2011,70%,U.S.A.,3.25,Trinitario,Jamaica
Fresco,642,2011,72%,U.S.A.,3.5, ,Dominican Republic
Fresco,642,2011,70%,U.S.A.,3.5,Trinitario,Jamaica
Fresco,682,2011,74%,U.S.A.,2.75,Trinitario,Madagascar
Fresco,682,2011,72%,U.S.A.,3.25, ,Dominican Republic
Fresco,688,2011,74%,U.S.A.,3,Trinitario,Madagascar
Fresco,745,2011,76%,U.S.A.,3.25,Trinitario,Venezuela
Fresco,745,2011,70%,U.S.A.,4,Trinitario,Venezuela
Fresco,370,2009,80%,U.S.A.,2.75,Trinitario,Jamaica
Fresco,370,2009,70%,U.S.A.,3,Trinitario,Jamaica
Fresco,370,2009,70%,U.S.A.,3.25,Trinitario,Jamaica
Fresco,370,2009,65%,U.S.A.,3.5,Criollo,Venezuela
Friis Holm,1912,2016,70%,Denmark,3.5, ,Nicaragua
Friis Holm (Bonnat),1680,2015,60%,Denmark,3, ,Nicaragua
Friis Holm (Bonnat),1680,2015,85%,Denmark,3.25, ,Nicaragua
Friis Holm (Bonnat),1259,2014,70%,Denmark,3.5, ,Nicaragua
Friis Holm (Bonnat),1034,2013,70%,Denmark,3.25, ,Nicaragua
Friis Holm (Bonnat),1034,2013,70%,Denmark,3.5, ,Nicaragua
Friis Holm (Bonnat),895,2012,70%,Denmark,3.25,"Criollo, Trinitario",Nicaragua
Friis Holm (Bonnat),899,2012,70%,Denmark,3.25,"Criollo, Trinitario",Honduras
Friis Holm (Bonnat),899,2012,70%,Denmark,3.25,"Criollo, Trinitario",Nicaragua
Friis Holm (Bonnat),923,2012,70%,Denmark,3.75, ,Nicaragua
Friis Holm (Bonnat),623,2011,70%,Denmark,3.25,"Criollo, Trinitario",Nicaragua
Friis Holm (Bonnat),623,2011,70%,Denmark,3.5,"Criollo, Trinitario",Nicaragua
Friis Holm (Bonnat),623,2011,70%,Denmark,3.5,"Criollo, Trinitario",Nicaragua
Fruition,1780,2016,74%,U.S.A.,3.75,Beniano,Bolivia
Fruition,1780,2016,74%,U.S.A.,4,Amazon mix,Costa Rica
Fruition,1347,2014,70%,U.S.A.,3.75,Trinitario,Trinidad
Fruition,1359,2014,76%,U.S.A.,3,Forastero (Nacional),Peru
Fruition,1046,2013,70%,U.S.A.,3.75, ,Dominican Republic
Fruition,1185,2013,75%,U.S.A.,3, ,Ecuador
Fruition,863,2012,70%,U.S.A.,2.5, ,Peru
Fruition,753,2011,66%,U.S.A.,3.25,Trinitario,Costa Rica
Fruition,781,2011,70%,U.S.A.,3, ,Costa Rica
Garden Island,1367,2014,85%,U.S.A.,2.5,Blend,Hawaii
Georgia Ramon,1642,2015,65%,Germany,3.25,Trinitario,Madagascar
Georgia Ramon,1642,2015,70%,Germany,4,Forastero,Ghana
Georgia Ramon,1646,2015,70%,Germany,3.5,Trinitario,Domincan Republic
Georgia Ramon,1646,2015,80%,Germany,3.5,Trinitario,Domincan Republic
Georgia Ramon,1646,2015,75%,Germany,3.5,Trinitario,Madagascar
Glennmade,1848,2016,70%,U.S.A.,3.5, ,Belize
Glennmade,1672,2015,66%,U.S.A.,3,"Trinitario, Forastero",Brazil
Goodnow Farms,1924,2016,77%,U.S.A.,2.75, ,Mexico
Goodnow Farms,1924,2016,77%,U.S.A.,3.25, ,Nicaragua
Goodnow Farms,1924,2016,77%,U.S.A.,3.25, ,Guatemala
Grand Place,741,2011,72%,Vietnam,3,Trinitario,Vietnam
Green & Black's (ICAM),15,2006,70%,U.K.,2.5, , 
Green Bean to Bar,1896,2016,70%,Japan,3.5, ,Madagascar
Grenada Chocolate Co.,494,2010,82%,Grenada,3.25,Trinitario,Grenada
Grenada Chocolate Co.,363,2009,60%,Grenada,2.75,Trinitario,Grenada
Grenada Chocolate Co.,241,2008,71%,Grenada,2.5,Trinitario,Grenada
Guido Castagna,355,2009,64%,Italy,3,Forastero (Arriba) ASS,Ecuador
Guido Castagna,355,2009,64%,Italy,3,Forastero,Ghana
Guido Castagna,355,2009,64%,Italy,3, ,"Trinidad, Tobago"
Guido Castagna,355,2009,76%,Italy,3, ,Venezuela
Guido Castagna,355,2009,64%,Italy,3.25, ,"Ven, Trinidad, Ecuador"
Guittard,1602,2015,70%,U.S.A.,3.75, , 
Guittard,1053,2013,65%,U.S.A.,2.75, ,Haiti
Guittard,1053,2013,65%,U.S.A.,2.75, ,Nicaragua
Guittard,1053,2013,65%,U.S.A.,3.25,Trinitario,Jamaica
Guittard,1053,2013,65%,U.S.A.,3.5, ,Ecuador
Guittard,654,2011,72%,U.S.A.,2.75, , 
Guittard,654,2011,61%,U.S.A.,3.25, , 
Guittard,654,2011,72%,U.S.A.,3.25, , 
Guittard,552,2010,65%,U.S.A.,3,Trinitario,Trinidad
Guittard,316,2009,55%,U.S.A.,3, ,Hawaii
Guittard,387,2009,91%,U.S.A.,3, , 
Guittard,387,2009,70%,U.S.A.,3.5,Blend, 
Guittard,259,2008,65%,U.S.A.,3, ,Peru
Guittard,276,2008,64%,U.S.A.,3, , 
Guittard,276,2008,65%,U.S.A.,3.5, ,Venezuela
Guittard,147,2007,72%,U.S.A.,3.5,Blend, 
Guittard,15,2006,65%,U.S.A.,3,Trinitario,Colombia
Guittard,87,2006,65%,U.S.A.,2.5,"Trinitario, Criollo",Venezuela
Guittard,87,2006,65%,U.S.A.,3.5,"Criollo, +",Madagascar
Guittard,93,2006,65%,U.S.A.,3.5,Forastero (Arriba),Ecuador
Guittard,93,2006,61%,U.S.A.,3.5,Blend, 
Guittard,99,2006,61%,U.S.A.,3,Blend, 
Habitual,1197,2014,80%,Canada,2.75, ,Papua New Guinea
Habitual,1197,2014,74%,Canada,2.75, , 
Habitual,1197,2014,75%,Canada,3.25, ,Dominican Republic
Habitual,1197,2014,70%,Canada,3.5,Trinitario, 
Habitual,1201,2014,65%,Canada,2.75, , 
Habitual,1201,2014,70%,Canada,3, , 
Habitual,1201,2014,80%,Canada,3, , 
Habitual,1201,2014,66%,Canada,3.25, ,Hawaii
Habitual,1205,2014,100%,Canada,2, , 
Hachez,166,2007,77%,Germany,2.5,Forastero (Arriba),Ecuador
Hacienda El Castillo,1327,2014,55%,Ecuador,2.75,Trinitario,Ecuador
Hacienda El Castillo,1327,2014,70%,Ecuador,3,Trinitario,Ecuador
Haigh,701,2011,70%,Australia,3, ,"South America, Africa"
Harper Macaw,1808,2016,85%,U.S.A.,3.25, ,Brazil
Harper Macaw,1696,2015,67%,U.S.A.,3, ,Brazil
Harper Macaw,1700,2015,77%,U.S.A.,3.5, ,Brazil
Harper Macaw,1700,2015,74%,U.S.A.,3.5, ,Brazil
Heilemann,1876,2016,64%,Germany,2.75, ,Peru
Heirloom Cacao Preservation (Brasstown),1748,2016,70%,U.S.A.,3.25,Amazon,Belize
Heirloom Cacao Preservation (Fruition),1748,2016,74%,U.S.A.,3.5,Amazon mix,Costa Rica
Heirloom Cacao Preservation (Guittard),1239,2014,67%,U.S.A.,3.5,"Amazon, ICS",Bolivia
Heirloom Cacao Preservation (Guittard),1243,2014,67%,U.S.A.,3,Beniano,Bolivia
Heirloom Cacao Preservation (Guittard),1243,2014,67%,U.S.A.,3.75,EET,Ecuador
Heirloom Cacao Preservation (Guittard),1243,2014,67%,U.S.A.,3.75, ,Hawaii
Heirloom Cacao Preservation (Manoa),1744,2016,72%,U.S.A.,3.5, ,Hawaii
Heirloom Cacao Preservation (Millcreek),1744,2016,70%,U.S.A.,3.5,EET,Ecuador
Heirloom Cacao Preservation (Mindo),1748,2016,77%,U.S.A.,3.5,EET,Ecuador
Heirloom Cacao Preservation (Zokoko),1744,2016,68%,U.S.A.,3.75,"Amazon, ICS",Bolivia
Heirloom Cacao Preservation (Zokoko),1744,2016,72%,U.S.A.,4,Beniano,Bolivia
hello cocoa,1458,2015,57%,U.S.A.,2.75,Forastero,Uganda
hello cocoa,1462,2015,74%,U.S.A.,3.5,Criollo,Venezuela
hexx,1546,2015,70%,U.S.A.,2.75, ,Tanzania
hexx,1546,2015,74%,U.S.A.,3,Trinitario,Madagascar
hexx,1546,2015,70%,U.S.A.,3, ,Venezuela
hexx,1550,2015,73%,U.S.A.,3.25, ,Ecuador
hexx,1550,2015,70%,U.S.A.,3.25, ,Peru
Hogarth,1712,2016,70%,New Zealand,2.75,Trinitario,Madagascar
Hogarth,1712,2016,72%,New Zealand,2.75,Trinitario,Venezuela
Hogarth,1712,2016,75%,New Zealand,3.25,Trinitario,Domincan Republic
Hogarth,1712,2016,66%,New Zealand,3.5,Criollo,Peru
Hoja Verde (Tulicorp),414,2009,80%,Ecuador,2,Forastero (Arriba) ASS,Ecuador
Hoja Verde (Tulicorp),414,2009,80%,Ecuador,2.5,Forastero (Arriba) ASS,Ecuador
Hoja Verde (Tulicorp),414,2009,72%,Ecuador,3,Forastero (Arriba) ASS,Ecuador
Hoja Verde (Tulicorp),414,2009,58%,Ecuador,3.25,Forastero (Arriba) ASS,Ecuador
Hoja Verde (Tulicorp),414,2009,58%,Ecuador,3.5,Forastero (Arriba) ASS,Ecuador
Holy Cacao,1872,2016,70%,Israel,2.75, ,Peru
Holy Cacao,1466,2015,70%,Israel,3.5, ,Ecuador
Holy Cacao,1466,2015,70%,Israel,3.5,Trinitario,Madagascar
Holy Cacao,1466,2015,70%,Israel,3.5,Trinitario,Trinidad
Holy Cacao,1466,2015,70%,Israel,3.5, ,Venezuela
Holy Cacao,431,2009,70%,Israel,2.5, ,Ivory Coast
Holy Cacao,431,2009,70%,Israel,2.75, ,Dominican Republic
Holy Cacao,431,2009,70%,Israel,3.5, ,Peru
Holy Cacao,431,2009,75%,Israel,3.75, ,Dominican Republic
Honest,1327,2014,72%,South Africa,2.5, ,Ecuador
Hotel Chocolat,1654,2015,70%,U.K.,2.75, ,St. Lucia
Hotel Chocolat,1030,2013,70%,U.K.,4,Trinitario,St. Lucia
Hotel Chocolat,1113,2013,100%,U.K.,1.75,Trinitario,St. Lucia
Hotel Chocolat (Coppeneur),1038,2013,75%,U.K.,3,Trinitario,Trinidad
Hotel Chocolat (Coppeneur),1038,2013,80%,U.K.,3.5,Trinitario,Vietnam
Hotel Chocolat (Coppeneur),1065,2013,90%,U.K.,3,Forastero (Nacional),Ecuador
Hotel Chocolat (Coppeneur),1065,2013,72%,U.K.,3,Trinitario,Madagascar
Hotel Chocolat (Coppeneur),1065,2013,82%,U.K.,3.5,Forastero (Nacional),Ecuador
Hotel Chocolat (Coppeneur),1109,2013,100%,U.K.,2.75, ,Peru
Hotel Chocolat (Coppeneur),1113,2013,100%,U.K.,2.5,Forastero (Nacional),Ecuador
Hotel Chocolat (Coppeneur),1113,2013,100%,U.K.,2.75, ,Dominican Republic
Hotel Chocolat (Coppeneur),809,2012,66%,U.K.,3.5,"Trinitario, Criollo",Madagascar
Hotel Chocolat (Coppeneur),623,2011,80%,U.K.,3,Forastero (Nacional),Ecuador
Hotel Chocolat (Coppeneur),623,2011,65%,U.K.,3,Trinitario,St. Lucia
Hotel Chocolat (Coppeneur),623,2011,65%,U.K.,3.25,Trinitario,St. Lucia
Hotel Chocolat (Coppeneur),552,2010,70%,U.K.,2.75, ,Ecuador
Hotel Chocolat (Coppeneur),552,2010,70%,U.K.,3, ,Dominican Republic
Hotel Chocolat (Coppeneur),600,2010,70%,U.K.,2.75,Trinitario,Venezuela
Hotel Chocolat (Coppeneur),245,2008,72%,U.K.,3, ,St. Lucia
Hotel Chocolat (Coppeneur),296,2008,80%,U.K.,2.5,Forastero,Uganda
Hotel Chocolat (Coppeneur),296,2008,75%,U.K.,2.75, ,Tanzania
Hotel Chocolat (Coppeneur),300,2008,72%,U.K.,3,Forastero,Sao Tome
Hummingbird,1542,2015,70%,Canada,3.5,Trinitario,Vietnam
Hummingbird,1307,2014,70%,Canada,3,"Criollo, Trinitario",Bolivia
Hummingbird,1311,2014,70%,Canada,3,"Criollo, Trinitario",Bolivia
Hummingbird,1311,2014,70%,Canada,3,Trinitario,Nicaragua
Hummingbird,1311,2014,70%,Canada,3.75,Trinitario,Dominican Republic
Hummingbird,1387,2014,70%,Canada,3.5, ,Dominican Republic
Hummingbird,1097,2013,70%,Canada,3.25,"Trinitario, Criollo",Venezuela
Hummingbird,1097,2013,70%,Canada,3.75,Forastero,Venezuela
Idilio (Felchlin),1085,2013,72%,Switzerland,3.75,Trinitario,Venezuela
Idilio (Felchlin),725,2011,72%,Switzerland,3.75,Criollo,Venezuela
Idilio (Felchlin),725,2011,72%,Switzerland,3.75, ,Venezuela
Idilio (Felchlin),729,2011,72%,Switzerland,3.25,Criollo,Venezuela
Idilio (Felchlin),733,2011,72%,Switzerland,3.75,Criollo,Venezuela
Idilio (Felchlin),733,2011,74%,Switzerland,4,Criollo,Venezuela
Idilio (Felchlin),737,2011,72%,Switzerland,3.5,Criollo,Venezuela
Idilio (Felchlin),737,2011,70%,Switzerland,4,Trinitario,Venezuela
Idilio (Felchlin),737,2011,72%,Switzerland,4,Criollo,Venezuela
Idilio (Felchlin),737,2011,72%,Switzerland,4, ,Venezuela
Indah,1788,2016,61%,India,2.5, ,India
Indaphoria,821,2012,70%,U.S.A.,3.25, ,Dominican Republic
Indaphoria,907,2012,70%,U.S.A.,2.75, ,Dominican Republic
Indi,1255,2014,77%,U.S.A.,3, ,Honduras
iQ Chocolate,943,2012,72%,Scotland,2.75,Criollo,Peru
iQ Chocolate,943,2012,72%,Scotland,3, ,Peru
Isidro,1275,2014,72%,U.S.A.,3.5,Trinitario,Madagascar
Isidro,1279,2014,72%,U.S.A.,2.25, ,Peru
Isidro,1279,2014,72%,U.S.A.,3.25,Trinitario,Belize
Isidro,1279,2014,72%,U.S.A.,3.25, ,Dominican Republic
Izard,1542,2015,70%,U.S.A.,3.5,Trinitario,Belize
Izard,1546,2015,70%,U.S.A.,2.75, ,Dominican Republic
Jacque Torres,5,2006,71%,U.S.A.,2,Trinitario,Ghana
Jordis,1534,2015,63%,Czech Republic,2.75,Trinitario,Madagascar
Just Good Chocolate,1375,2014,70%,U.S.A.,3.5,Trinitario,Belize
Just Good Chocolate,1375,2014,70%,U.S.A.,3.5,Trinitario,Madagascar
Just Good Chocolate,1375,2014,70%,U.S.A.,4, ,Peru
Kah Kow,1061,2013,70%,Domincan Republic,3.5, ,Dominican Republic
Kah Kow,1069,2013,82%,Domincan Republic,3, ,Dominican Republic
Kah Kow,1069,2013,55%,Domincan Republic,3.25, ,Dominican Republic
Kah Kow,1073,2013,62%,Domincan Republic,3.25, ,Dominican Republic
Kakao,837,2012,64%,Germany,2.5, ,Peru
Kakao,387,2009,65%,Germany,3.75,Trinitario,Vanuatu
Kallari (Ecuatoriana),241,2008,70%,Ecuador,3, ,Ecuador
Kallari (Ecuatoriana),241,2008,70%,Ecuador,3.5, ,Ecuador
Kallari (Ecuatoriana),245,2008,75%,Ecuador,2.75, ,Ecuador
Kallari (Ecuatoriana),248,2008,85%,Ecuador,2.5, ,Ecuador
Kallari (Ecuatoriana),248,2008,85%,Ecuador,2.75, ,Ecuador
Kallari (Ecuatoriana),248,2008,85%,Ecuador,3, ,Ecuador
Kallari (Ecuatoriana),263,2008,75%,Ecuador,2.5, ,Ecuador
Kallari (Ecuatoriana),269,2008,85%,Ecuador,3, ,Ecuador
Kaoka (Cemoi),404,2009,70%,France,2.75, , 
Kaoka (Cemoi),423,2009,80%,France,2.75, ,Ecuador
Kerchner,1133,2013,70%,U.S.A.,3.75, ,Dominican Republic
Ki' Xocolatl,431,2009,72%,Mexico,2, ,Mexico
Kiskadee,1251,2014,60%,U.S.A.,3,Trinitario,Dominican Republic
Kto,1422,2014,72%,U.S.A.,2.5, ,Peru
Kto,1422,2014,72%,U.S.A.,2.75, ,Venezuela
Kto,1422,2014,72%,U.S.A.,3,Trinitario,Belize
Kto,1422,2014,72%,U.S.A.,3.25,Trinitario,Madagascar
Kto,1426,2014,90%,U.S.A.,3.25,Trinitario,Belize
Kto,1426,2014,72%,U.S.A.,3.25, ,Dominican Republic
Kto,1426,2014,72%,U.S.A.,3.25, ,Dominican Republic
K'ul,1840,2016,70%,U.S.A.,3.25, ,Haiti
K'ul,1852,2016,70%,U.S.A.,2.75,Forastero (Nacional),Peru
K'ul,1852,2016,70%,U.S.A.,3.75, ,Ecuador
K'ul,1852,2016,70%,U.S.A.,3.75,Forastero,Brazil
Kyya,1359,2014,72.5%,U.S.A.,2.5,Forastero,Uganda
Kyya,1359,2014,72.5%,U.S.A.,3, ,Dominican Republic
Kyya,1363,2014,72.5%,U.S.A.,2.5, ,Ecuador
Kyya,1363,2014,72.5%,U.S.A.,3,Trinitario,Madagascar
L.A. Burdick (Felchlin),891,2012,74%,U.S.A.,3.25, ,Peru
L.A. Burdick (Felchlin),891,2012,70%,U.S.A.,4, ,Brazil
L.A. Burdick (Felchlin),927,2012,68%,U.S.A.,3.75,Trinitario,Venezuela
L.A. Burdick (Felchlin),682,2011,74%,U.S.A.,3.75, ,Ecuador
L.A. Burdick (Felchlin),576,2010,75%,U.S.A.,3.25,Trinitario,Grenada
L.A. Burdick (Felchlin),576,2010,74%,U.S.A.,3.75, ,Dominican Republic
L.A. Burdick (Felchlin),597,2010,71%,U.S.A.,3, ,Venezuela
L.A. Burdick (Felchlin),431,2009,64%,U.S.A.,3.5,Trinitario,Madagascar
L.A. Burdick (Felchlin),451,2009,68%,U.S.A.,3, ,Bolivia
La Chocolaterie Nanairo,1892,2016,70%,Japan,2.25,"Trinitario, Criollo",Peru
La Chocolaterie Nanairo,1892,2016,70%,Japan,2.5,"Trinitario, Criollo",Peru
La Chocolaterie Nanairo,1892,2016,70%,Japan,3,Criollo,Peru
La Chocolaterie Nanairo,1892,2016,70%,Japan,3,"Trinitario, Criollo",Belize
La Maison du Chocolat (Valrhona),1121,2013,74%,France,2.75, ,"Africa, Carribean, C. Am."
La Maison du Chocolat (Valrhona),1145,2013,60%,France,3.25, ,Tobago
La Maison du Chocolat (Valrhona),1189,2013,56%,France,3.25, ,Ecuador
La Maison du Chocolat (Valrhona),891,2012,66%,France,3.5, ,Dominican Republic
La Maison du Chocolat (Valrhona),741,2011,68%,France,3.5,Trinitario,Grenada
La Maison du Chocolat (Valrhona),346,2009,68%,France,3.25,Forastero,Ghana
La Maison du Chocolat (Valrhona),346,2009,69%,France,3.5,Criollo (Porcelana),Venezuela
La Maison du Chocolat (Valrhona),439,2009,60%,France,3, , 
La Maison du Chocolat (Valrhona),445,2009,60%,France,3.75, , 
La Maison du Chocolat (Valrhona),230,2008,74%,France,3.5,Blend,"Ven., Indonesia, Ecuad."
La Oroquidea,721,2011,72%,Peru,2.5, ,Peru
La Pepa de Oro,713,2011,60%,Ecuador,3.25, ,Ecuador
Laia aka Chat-Noir,1590,2015,75%,France,2.75,Trinitario,Madagascar
Laia aka Chat-Noir,1590,2015,75%,France,2.75,Trinitario,Vietnam
Laia aka Chat-Noir,1590,2015,75%,France,3, ,Cuba
Laia aka Chat-Noir,1590,2015,75%,France,3.25, ,Peru
Laia aka Chat-Noir,1594,2015,75%,France,3, ,Ivory Coast
Laia aka Chat-Noir,1638,2015,75%,France,3.5,Forastero,Sao Tome
Laia aka Chat-Noir,1642,2015,75%,France,3.25, ,Brazil
Laia aka Chat-Noir,1642,2015,75%,France,3.75,Trinitario,Vietnam
Laia aka Chat-Noir,1434,2014,70%,France,2.75, ,Cuba
Laia aka Chat-Noir,1438,2014,68%,France,2.75, ,Trinidad-Tobago
Lajedo do Ouro,927,2012,70%,Brazil,3.5,Forastero (Catongo),Brazil
Lake Champlain (Callebaut),327,2009,75%,U.S.A.,2.5, ,Tanzania
L'Amourette,1784,2016,80%,U.S.A.,3.5,Trinitario,Nicaragua
L'Amourette,833,2012,75%,U.S.A.,3,Trinitario,Venezuela
L'Amourette,833,2012,75%,U.S.A.,3,Trinitario,Venezuela
L'Amourette,853,2012,72%,U.S.A.,3,Criollo,"Peru, Ecuador, Venezuela"
Letterpress,1952,2017,70%,U.S.A.,3.5, ,Honduras
Letterpress,1952,2017,70%,U.S.A.,3.25, ,Belize
Letterpress,1728,2016,70%,U.S.A.,3.25, ,Liberia
Letterpress,1562,2015,70%,U.S.A.,3.25, ,Bolivia
Letterpress,1562,2015,70%,U.S.A.,3.5,Trinitario,Trinidad
Letterpress,1566,2015,70%,U.S.A.,3, ,Costa Rica
Letterpress,1566,2015,70%,U.S.A.,3.25, ,Domincan Republic
Letterpress,1566,2015,70%,U.S.A.,3.5, ,Tanzania
Letterpress,1371,2014,70%,U.S.A.,3.5,Forastero (Nacional),Peru
Levy,1231,2014,71%,Finland,3.5,Criollo,Madagascar
Lilla,1856,2016,70%,Finland,3,Trinitario,Madagascar
Lillie Belle,855,2012,65%,U.S.A.,3.5,Criollo,Peru
Lillie Belle,903,2012,68%,U.S.A.,3.5,Criollo,Bolivia
Lillie Belle,903,2012,68%,U.S.A.,3.75, ,Peru
Lillie Belle,947,2012,75%,U.S.A.,2.75, ,"Venezuela, Dom. Rep."
Lillie Belle,947,2012,74%,U.S.A.,3, ,Dominican Republic
Lillie Belle,947,2012,68%,U.S.A.,3.5,Criollo,Bolivia
Lindt & Sprungli,157,2007,85%,Switzerland,3, , 
Loiza,1049,2013,65%,Puerto Rico,2.5, ,Puerto Rico
Lonohana,1383,2014,70%,U.S.A.,3.75, ,Hawaii
Lonohana,1395,2014,65%,U.S.A.,3.25, ,Hawaii
Lonohana,1395,2014,75%,U.S.A.,3.75, ,Hawaii
Lonohana,1093,2013,71%,U.S.A.,3, ,Hawaii
Lonohana,1097,2013,72%,U.S.A.,3, ,Hawaii
Lonohana,1097,2013,70%,U.S.A.,3.5, ,Hawaii
Love Bar,1502,2015,75%,U.S.A.,2, ,Nicaragua
Luker,552,2010,46%,Colombia,2.75, ,"Colombia, Ecuador"
Luker,552,2010,60%,Colombia,3, ,"Colombia, Ecuador"
Luker,552,2010,58%,Colombia,3, ,"Colombia, Ecuador"
Luker,552,2010,65%,Colombia,3.5, ,Colombia
Machu Picchu Trading Co.,721,2011,70%,Peru,1.5, ,Peru
Machu Picchu Trading Co.,552,2010,55%,Peru,2.25, ,Peru
Madecasse (Cinagra),284,2008,67%,Madagascar,3.5,Trinitario,Madagascar
Madecasse (Cinagra),284,2008,70%,Madagascar,3.75,Trinitario,Madagascar
Madecasse (Cinagra),284,2008,63%,Madagascar,4,Trinitario,Madagascar
Madecasse (Cinagra),288,2008,75%,Madagascar,3.5,Trinitario,Madagascar
Madre,1940,2017,73%,U.S.A.,3.5, ,Solomon Islands
Madre,1085,2013,70%,U.S.A.,2.75, ,Puerto Rico
Madre,1085,2013,70%,U.S.A.,3.5, ,Brazil
Madre,1089,2013,70%,U.S.A.,2.75, ,Hawaii
Madre,1089,2013,70%,U.S.A.,2.75, ,Mexico
Madre,991,2012,70%,U.S.A.,3.25, ,Hawaii
Madre,995,2012,70%,U.S.A.,3.25,Criollo,Hawaii
Madre,995,2012,70%,U.S.A.,3.5, ,Hawaii
Madre,672,2011,70%,U.S.A.,2.5, ,Dominican Republic
Madre,693,2011,70%,U.S.A.,2.75, ,Costa Rica
Madre,607,2010,72%,U.S.A.,2.75, ,Mexico
Maglio,300,2008,75%,Italy,2, ,Tanzania
Maglio,308,2008,70%,Italy,3,Forastero (Nacional),Ecuador
Maglio,308,2008,70%,Italy,3.25,Criollo,Cuba
Maglio,308,2008,70%,Italy,3.75,"Blend-Forastero,Criollo",Dominican Republic
Majani,531,2010,70%,Italy,2, ,Ecuador
Malagasy (Chocolaterie Robert),184,2007,75%,Madagascar,2.75,Trinitario,Madagascar
Malagasy (Chocolaterie Robert),184,2007,73%,Madagascar,3.5,Trinitario,Madagascar
Malagos,1121,2013,65%,Philippines,3.5,Trinitario,Philippines
Malie Kai (Guittard),502,2010,55%,U.S.A.,3.5, ,Hawaii
Malie Kai (Guittard),311,2009,55%,U.S.A.,2.75,Blend,Hawaii
Malmo,1856,2016,70%,Sweden,3, ,Venezuela
Mana,1446,2015,74%,U.S.A.,2.5, ,Ecuador
Mana,1219,2014,74%,U.S.A.,2.5, ,Peru
Mana,1219,2014,74%,U.S.A.,2.75, ,Venezuela
Mana,821,2012,74%,U.S.A.,3.75, ,Dominican Republic
Manifesto Cacao,1331,2014,70%,Colombia,2.75, ,Colombia
Manoa,1522,2015,72%,U.S.A.,3.5, ,Papua New Guinea
Manoa,1522,2015,72%,U.S.A.,3.75, ,Costa Rica
Manoa,1089,2013,72%,U.S.A.,3.75, ,Hawaii
Manoa,1003,2012,72%,U.S.A.,3.25, ,Liberia
Manoa,1007,2012,72%,U.S.A.,2.75, ,Hawaii
Manoa,1007,2012,72%,U.S.A.,3, ,Peru
Manoa,1007,2012,72%,U.S.A.,3.25, ,Hawaii
Manufaktura Czekolady,1844,2016,70%,Poland,3.75, ,Nicaragua
Manufaktura Czekolady,1848,2016,70%,Poland,3.5, ,Peru
Manufaktura Czekolady,1255,2014,70%,Poland,3.75,Criollo,Venezuela
Manufaktura Czekolady,1279,2014,85%,Poland,3.5, ,Colombia
Manufaktura Czekolady,871,2012,70%,Poland,3.25, ,Dominican Republic
Manufaktura Czekolady,871,2012,70%,Poland,3.5,Forastero,Ghana
Manufaktura Czekolady,875,2012,70%,Poland,3.25, ,Ecuador
Map Chocolate,1896,2016,75%,U.S.A.,3.25,Trinitario,Vietnam
Map Chocolate,1474,2015,70%,U.S.A.,3.5,"Criollo, Trinitario",Dominican Republic
Map Chocolate,1474,2015,62%,U.S.A.,3.5,Forastero (Nacional),Peru
Map Chocolate,1478,2015,70%,U.S.A.,3.5,Trinitario,Ecuador
Map Chocolate,1606,2015,70%,U.S.A.,2.75,Trinitario,Trinidad
Map Chocolate,1606,2015,70%,U.S.A.,3.5, ,Nicaragua
Map Chocolate,1606,2015,68%,U.S.A.,3.5,Criollo,Peru
Map Chocolate,1610,2015,75%,U.S.A.,2.75, ,Colombia
Map Chocolate,1610,2015,72%,U.S.A.,3, ,Tanzania
Map Chocolate,1634,2015,78%,U.S.A.,3.5, ,Honduras
Marana,1872,2016,70%,Peru,3, ,Peru
Marana,1884,2016,70%,Peru,2.75, ,Peru
Marana,1884,2016,70%,Peru,3, ,Peru
Marigold's Finest,1808,2016,75%,Canada,3.25, , 
Marou,1650,2015,85%,Vietnam,3.25,Trinitario,Vietnam
Marou,1650,2015,68%,Vietnam,3.5,Trinitario,Vietnam
Marou,1650,2015,70%,Vietnam,3.75,Trinitario,Vietnam
Marou,1149,2013,75%,Vietnam,3.5,Trinitario,Vietnam
Marou,845,2012,76%,Vietnam,3.5,Trinitario,Vietnam
Marou,845,2012,72%,Vietnam,3.5,Trinitario,Vietnam
Marou,845,2012,70%,Vietnam,3.5,Trinitario,Vietnam
Marou,849,2012,78%,Vietnam,3.5,Trinitario,Vietnam
Marou,895,2012,80%,Vietnam,3,Trinitario,Vietnam
Marou,955,2012,74%,Vietnam,3.5,Trinitario,Vietnam
Mars,537,2010,65%,U.S.A.,3, ,Costa Rica
Mars,544,2010,65%,U.S.A.,3, ,Ivory Coast
Mars,544,2010,65%,U.S.A.,3.25, ,Nigeria
Mars,544,2010,65%,U.S.A.,3.5,Forastero,Ghana
Marsatta,1189,2013,74%,U.S.A.,2.25, ,Dominican Republic
Marsatta,1189,2013,89%,U.S.A.,2.5, ,Dominican Republic
Martin Mayer,1836,2016,76%,Austria,2.75, ,Bolivia
Martin Mayer,1836,2016,82%,Austria,3, ,Haiti
Martin Mayer,1836,2016,74%,Austria,3.25, ,Colombia
Mast Brothers,1450,2015,76%,U.S.A.,3, ,Guatemala
Mast Brothers,1450,2015,74%,U.S.A.,3.25, ,Tanzania
Mast Brothers,1359,2014,75%,U.S.A.,3.75,Blend,"Peru, Belize"
Mast Brothers,959,2012,73%,U.S.A.,3.5,Blend,"Peru, Mad., Dom. Rep."
Mast Brothers,999,2012,72%,U.S.A.,2.5,Trinitario,
Mast Brothers,999,2012,73%,U.S.A.,2.75,Trinitario,Venezuela
Mast Brothers,672,2011,72%,U.S.A.,3.5, , 
Mast Brothers,701,2011,76%,U.S.A.,3,Trinitario,Venezuela
Mast Brothers,709,2011,70%,U.S.A.,3,Trinitario,Venezuela
Mast Brothers,713,2011,81%,U.S.A.,2.75,Trinitario,Venezuela
Mast Brothers,773,2011,70%,U.S.A.,3.5,Trinitario,Belize
Mast Brothers,777,2011,71%,U.S.A.,2.75, ,Papua New Guinea
Mast Brothers,777,2011,75%,U.S.A.,3, ,Peru
Mast Brothers,777,2011,73%,U.S.A.,3.25, ,Dominican Republic
Mast Brothers,777,2011,74%,U.S.A.,3.75, ,Dominican Republic
Mast Brothers,572,2010,81%,U.S.A.,2.75,Criollo,Venezuela
Mast Brothers,572,2010,75%,U.S.A.,3, ,Venezuela
Mast Brothers,572,2010,70%,U.S.A.,3.25, ,Dominican Republic
Matale,1177,2013,72%,Australia,3.5,Trinitario,Vanuatu
Matale,1177,2013,68%,Australia,4,Trinitario,Madagascar
Matale,1177,2013,74%,Australia,4,Trinitario,Papua New Guinea
Matale,1181,2013,70%,Australia,3.75,Trinitario,"PNG, Vanuatu, Mad"
Maverick,1367,2014,70%,U.S.A.,3.25,Trinitario,Belize
Maverick,1367,2014,70%,U.S.A.,3.25, ,Dominican Republic
Maverick,1430,2014,82%,U.S.A.,3.25,Criollo,Peru
Maverick,1430,2014,63%,U.S.A.,3.5,Criollo,Peru
Mayacama,1728,2016,72%,U.S.A.,3, ,Domincan Republic
Meadowlands,1287,2014,70%,U.S.A.,2.5, ,Bolivia
Meadowlands,1287,2014,70%,U.S.A.,2.75, ,Venezuela
Meadowlands,1287,2014,70%,U.S.A.,3,Trinitario,Belize
Meadowlands,1291,2014,70%,U.S.A.,3, ,Nicaragua
Meadowlands,1291,2014,70%,U.S.A.,3.5, ,Dominican Republic
Menakao (aka Cinagra),837,2012,80%,Madagascar,2.5,Trinitario,Madagascar
Menakao (aka Cinagra),841,2012,72%,Madagascar,2.5,Trinitario,Madagascar
Mesocacao,1494,2015,80%,Honduras,2.75, ,El Salvador
Mesocacao,1494,2015,70%,Honduras,3, ,El Salvador
Mesocacao,1347,2014,80%,Honduras,3.25, ,Honduras
Mesocacao,1347,2014,70%,Honduras,3.5, ,Honduras
Mesocacao,1351,2014,70%,Honduras,3.25, ,Nicaragua
Mesocacao,1351,2014,80%,Honduras,3.5, ,Nicaragua
Metiisto,1267,2014,70%,Sweden,3, ,Brazil
Metiisto,1267,2014,72%,Sweden,3.5,Trinitario,Madagascar
Metropolitan,1688,2015,70%,Amsterdam,3.5,Trinitario,South America
Michel Cluizel,963,2012,66%,France,3.75, ,Mexico
Michel Cluizel,117,2007,66%,France,3.5,Trinitario,Venezuela
Michel Cluizel,135,2007,67%,France,3.5,Forastero,Sao Tome
Michel Cluizel,24,2006,60%,France,2, , 
Michel Cluizel,24,2006,85%,France,2, , 
Michel Cluizel,24,2006,70%,France,3,Forastero,Sao Tome
Michel Cluizel,24,2006,67%,France,4, ,Dominican Republic
Michel Cluizel,24,2006,65%,France,4,Trinitario,Madagascar
Michel Cluizel,24,2006,64%,France,4, ,Papua New Guinea
Michel Cluizel,81,2006,99%,France,2, , 
Middlebury,1490,2015,80%,U.S.A.,3.5,Trinitario,Belize
Middlebury,1490,2015,70%,U.S.A.,3.5,Trinitario,Trinidad
Middlebury,1490,2015,75%,U.S.A.,3.75, ,Dominican Republic
Middlebury,1490,2015,75%,U.S.A.,3.75, ,Venezuela
Middlebury,1538,2015,75%,U.S.A.,3.25, ,Tanzania
Middlebury,1538,2015,70%,U.S.A.,3.5, ,Nicaragua
Middlebury,1117,2013,75%,U.S.A.,2.5, ,Dominican Republic
Middlebury,1117,2013,80%,U.S.A.,3.25,Trinitario,Belize
Middlebury,887,2012,65%,U.S.A.,1.5, , 
Middlebury,887,2012,75%,U.S.A.,2,Criollo,Bolivia
Middlebury,887,2012,70%,U.S.A.,2.5,Criollo,Indonesia
Millcreek Cacao Roasters,1073,2013,70%,U.S.A.,2.5,Forastero (Nacional),Ecuador
Millcreek Cacao Roasters,825,2012,70%,U.S.A.,3.5, ,Ecuador
Mindo,607,2010,67%,U.S.A.,2.75, ,Ecuador
Mindo,607,2010,77%,U.S.A.,2.75, ,Ecuador
Minimal,1920,2016,70%,Japan,3.5,"Criollo, Trinitario",Haiti
Mission,1880,2016,75%,Brazil,3.75, ,Brazil
Mission,1626,2015,70%,Brazil,3.5,Forastero (Parazinho),Brazil
Mita,955,2012,65%,Colombia,2.5, ,Colombia
Moho,1026,2013,73%,U.S.A.,3.25,Trinitario,Belize
Moho,1030,2013,72%,U.S.A.,3,Trinitario,Belize
Moho,607,2010,67%,U.S.A.,2.75,Trinitario,Belize
Molucca,1614,2015,70%,U.S.A.,3, ,Domincan Republic
Molucca,1618,2015,70%,U.S.A.,2.75, ,Indonesia
Molucca,1618,2015,70%,U.S.A.,3.25, ,Peru
Momotombo,661,2011,70%,Nicaragua,2.75, ,Nicaragua
Momotombo,661,2011,70%,Nicaragua,2.75, ,Nicaragua
Momotombo,772,2011,70%,Nicaragua,3.25, ,Nicaragua
Monarque,1812,2016,72%,Canada,3.5, ,Dominican Republic
Monsieur Truffe,1391,2014,70%,Australia,3.25, ,Papua New Guinea
Montecristi,1654,2015,70%,Ecuador,3.25, ,Ecuador
Montecristi,1654,2015,63%,Ecuador,3.5, ,Ecuador
Montecristi,1658,2015,85%,Ecuador,3.5, ,Ecuador
Muchomas (Mesocacao),1462,2015,70%,U.S.A.,3.5, ,Nicaragua
Muchomas (Mesocacao),1462,2015,80%,U.S.A.,3.5, ,Nicaragua
Mutari,1896,2016,68%,U.S.A.,2.75, ,Tanzania
Mutari,1896,2016,71%,U.S.A.,2.75, ,Domincan Republic
Mutari,1900,2016,68%,U.S.A.,2.75, ,Madagascar
Mutari,1900,2016,80%,U.S.A.,3,Trinitario,Vietnam
Nahua,1049,2013,58%,Costa Rica,2.5, ,Costa Rica
Nahua,1049,2013,70%,Costa Rica,3, ,Costa Rica
Naive,1046,2013,70%,Lithuania,3.75, ,"Trinidad, Tobago"
Naive,1133,2013,78%,Lithuania,3.75,Forastero (Nacional),Peru
Naive,867,2012,71%,Lithuania,2.5,Trinitario,Grenada
Na�ve,1379,2014,70%,Lithuania,3.25,Criollo,Nicaragua
Na�ve,1399,2014,75%,Lithuania,2.75,Trinitario,Venezuela
Na�ve,1399,2014,70%,Lithuania,3, ,Venezuela
Nanea,1007,2013,85%,U.S.A.,3.5, ,Hawaii
Nathan Miller,1403,2014,72%,U.S.A.,2.25, ,Peru
Nathan Miller,1403,2014,70%,U.S.A.,2.5, ,Dominican Republic
Nathan Miller,1403,2014,73.5%,U.S.A.,2.5,Trinitario,Madagascar
Nathan Miller,1403,2014,70%,U.S.A.,3.5,Forastero,Ghana
Neuhaus (Callebaut),531,2010,70%,Belgium,2.5,Criollo,Papua New Guinea
Neuhaus (Callebaut),230,2008,67%,Belgium,3.75,Trinitario,Trinidad
Neuhaus (Callebaut),135,2007,73%,Belgium,1, , 
Neuhaus (Callebaut),15,2006,73%,Belgium,2,Forastero,West Africa
Neuhaus (Callebaut),15,2006,75%,Belgium,2.75,Forastero,Sao Tome
Neuhaus (Callebaut),24,2006,71%,Belgium,3,Criollo,Venezuela
Nibble,1526,2015,72%,U.S.A.,2.25,Criollo,Venezuela
Nibble,1526,2015,72%,U.S.A.,2.75,Trinitario,Dominican Republic
Nibble,1526,2015,72%,U.S.A.,3,Trinitario,Madagascar
Nibble,1526,2015,72%,U.S.A.,3,Criollo,Peru
Night Owl,1022,2013,75%,U.S.A.,2.75, ,Peru
Night Owl,1022,2013,75%,U.S.A.,3.5, ,Ecuador
Noble Bean aka Jerjobo,1295,2014,75%,U.S.A.,3,Forastero,Ghana
Noble Bean aka Jerjobo,1299,2014,75%,U.S.A.,3,Trinitario,Belize
Noble Bean aka Jerjobo,1299,2014,75%,U.S.A.,3.25,Forastero (Nacional),Peru
Noir d' Ebine,837,2012,70%,U.S.A.,3, ,Venezuela
Noir d' Ebine,841,2012,70%,U.S.A.,3, ,Ecuador
Nova Monda,931,2012,70%,Nicaragua,3, ,Nicaragua
Nova Monda,935,2012,75%,Niacragua,2.75, ,Nicaragua
Nova Monda,935,2012,80%,Nicaragua,3.25,Forastero (Nacional),Ecuador
Nuance,1454,2015,70%,U.S.A.,3.75,Forastero,Ghana
Nuance,1458,2015,70%,U.S.A.,2.75,Trinitario,Ecuador
Nuance,1458,2015,70%,U.S.A.,3,Criollo,Venezuela
Nuance,1458,2015,70%,U.S.A.,3.5,Trinitario,Madagascar
Nuance,1470,2015,70%,U.S.A.,3.75, ,Dominican Republic
Nugali,1876,2016,70%,Brazil,3.5,Trinitario (Scavina),Brazil
Oakland Chocolate Co.,478,2010,70%,U.S.A.,2.5,Trinitario,Jamaica
Obolo,1638,2015,70%,Chile,3.75,Criollo,Peru
Obolo,1638,2015,70%,Chile,3.75,Criollo,Peru
Ocelot,1558,2015,70%,Scotland,3.75,Forastero,Congo
Ocelot,1558,2015,75%,Scotland,4,Criollo,Peru
Ocho,1760,2016,100%,New Zealand,2.75, ,Samoa
Ocho,1760,2016,70%,New Zealand,3.5, ,Samoa
Ocho,1411,2014,66%,New Zealand,2.75, ,Papua New Guinea
Ocho,1411,2014,70%,New Zealand,3, ,Papua New Guinea
Ocho,1411,2014,88%,New Zealand,3.25, ,Papua New Guinea
Ocho,1411,2014,74%,New Zealand,3.5, ,Papua New Guinea
Ohiyo,1594,2015,70%,U.S.A.,2.75,Trinitario,Trinidad
Ohiyo,1598,2015,70%,U.S.A.,3, ,Tanzania
Oialla by Bojessen (Malmo),761,2011,70%,Germany,3.5,Criollo,Bolivia
Olive and Sinclair,486,2010,72%,U.S.A.,3, ,Dominican Republic
Olive and Sinclair,486,2010,72%,U.S.A.,3,Forastero,Ghana
Olive and Sinclair,457,2009,67%,U.S.A.,2.75, ,"Ghana, Domin. Rep"
Olive and Sinclair,457,2009,75%,U.S.A.,3, ,"Ghana, Domin. Rep"
Olivia,688,2011,76%,Canada,2, ,Carribean
Olivia,688,2011,76%,Canada,2.75, ,Carribean
Olivia,688,2011,85%,Canada,2.75, ,Carribean
Olivia,688,2011,85%,Canada,3, ,Carribean
Omanhene,693,2011,80%,Ghana,2.75,Forastero,Ghana
Omnom,1816,2016,70%,Iceland,3.75,Trinitario,Tanzania
Omnom,1247,2014,70%,Iceland,3, ,Papua New Guinea
Omnom,1247,2014,66%,Iceland,3.5,Trinitario,Madagascar
organicfair,1161,2013,74%,Canada,2.75,Trinitario,Belize
organicfair,1165,2013,72%,Canada,2.75, ,Dominican Republic
organicfair,1165,2013,72%,Canada,2.75,Trinitario,Nicaragua
organicfair,1165,2013,72%,Canada,3, ,Dominican Republic
organicfair,1165,2013,72%,Canada,3,Trinitario,Ecuador
Original Beans (Felchlin),1438,2014,68%,Switzerland,2.75, ,Papua New Guinea
Original Beans (Felchlin),1442,2014,80%,Switzerland,3.25,Blend, 
Original Beans (Felchlin),733,2011,66%,Switzerland,3.75, ,Bolivia
Original Beans (Felchlin),331,2009,70%,Switzerland,3,Forastero,Congo
Original Beans (Felchlin),341,2009,75%,Switzerland,3,Criollo,Peru
Original Beans (Felchlin),341,2009,68%,Switzerland,3.25, ,Bolivia
Original Hawaiin Chocolate Factory,316,2009,60%,U.S.A.,3,Criollo,Hawaii
Original Hawaiin Chocolate Factory,24,2006,60%,U.S.A.,3, ,Hawaii
Orquidea,859,2012,65%,Peru,3, ,Peru
Orquidea,859,2012,72%,Peru,3, ,Peru
Pacari,1848,2016,70%,Ecuador,4, ,Colombia
Pacari,1415,2014,70%,Ecuador,3.25, ,Ecuador
Pacari,1415,2014,70%,Ecuador,3.5, ,Ecuador
Pacari,1415,2014,70%,Ecuador,3.75, ,Ecuador
Pacari,1415,2014,70%,Ecuador,4, ,Ecuador
Pacari,817,2012,85%,Ecuador,2.75, ,Ecuador
Pacari,863,2012,70%,Ecuador,4, ,Peru
Pacari,721,2011,70%,Ecuador,3.5, ,Ecuador
Pacari,224,2008,60%,Ecuador,2.5,Forastero (Arriba),Ecuador
Pacari,224,2008,65%,Ecuador,2.75,Forastero (Arriba),Ecuador
Pacari,224,2008,72%,Ecuador,3,Forastero (Arriba),Ecuador
Pacari,266,2008,100%,Ecuador,2,Forastero (Arriba),Ecuador
Pacari,266,2008,70%,Ecuador,3.5,Forastero (Arriba),Ecuador
Palette de Bine,1720,2016,70%,Canada,2.75, ,Guatemala
Palette de Bine,1720,2016,72%,Canada,3,Trinitario,Belize
Palette de Bine,1570,2015,70%,Canada,3.25, ,Bolivia
Palette de Bine,1570,2015,70%,Canada,3.25,Trinitario,Trinidad
Palette de Bine,1574,2015,72%,Canada,3.5, ,Tanzania
Palette de Bine,1574,2015,72%,Canada,3.75,Trinitario,Vietnam
Palette de Bine,1239,2014,72%,Canada,2.75, ,Bolivia
Palette de Bine,1239,2014,78%,Canada,3.75,Trinitario,Madagascar
Palette de Bine,1303,2014,75%,Canada,2.75, ,Ecuador
Palette de Bine,1399,2014,75%,Canada,3.5,Blend,"Trinidad, Ecuador"
Palette de Bine,1399,2014,70%,Canada,3.75,Trinitario,Trinidad
Pangea,1860,2016,76%,Spain,3, ,Fiji
Park 75,1363,2014,65%,U.S.A.,3.5, ,South America
Parliament,1856,2016,70%,U.S.A.,3.25, ,Tanzania
Parliament,1542,2015,70%,U.S.A.,3.5, ,Guatemala
Parliament,1251,2014,70%,U.S.A.,3, ,Bolivia
Parliament,1255,2014,70%,U.S.A.,3.5, ,Dominican Republic
Pascha,1137,2013,55%,Peru,2.5, ,Peru
Pascha,1137,2013,70%,Peru,2.75, ,Peru
Patric,636,2011,70%,U.S.A.,3.75,Blend, 
Patric,331,2009,75%,U.S.A.,4,Trinitario,Madagascar
Patric,439,2009,67%,U.S.A.,3.5,Trinitario,Madagascar
Patric,439,2009,70%,U.S.A.,3.5,Trinitario,Venezuela
Patric,196,2007,70%,U.S.A.,4,Trinitario,Madagascar
Patric,1034,2013,67%,U.S.A.,4, ,Peru
Paul Young,1271,2014,73%,U.K.,2.25,Trinitario,Madagascar
Paul Young,1271,2014,64%,U.K.,2.75,Trinitario,Madagascar
Peppalo,1454,2015,82%,U.S.A.,3, ,Dominican Republic
Pierre Marcolini,1658,2015,70%,Belgium,3.25,Forastero,Cameroon
Pierre Marcolini,478,2010,75%,Belgium,3,Criollo,Venezuela
Pierre Marcolini,478,2010,75%,Belgium,3.25,Trinitario,Trinidad
Pierre Marcolini,516,2010,78%,Belgium,3.75,"Criollo, Forastero",Cuba
Pierre Marcolini,531,2010,85%,Belgium,3,Criollo,Peru
Pierre Marcolini,414,2009,72%,Belgium,3,Forastero,Brazil
Pierre Marcolini,445,2009,72%,Belgium,3,Criollo,Mexico
Pierre Marcolini,111,2007,70%,Belgium,4,Blend,"Venezuela, Java"
Pierre Marcolini,129,2007,72%,Belgium,3.75,Forastero (Nacional),Ecuador
Pierre Marcolini,141,2007,72%,Belgium,4,Trinitario,Madagascar
Pierre Marcolini,166,2007,85%,Belgium,3.5,Blend,Venezuela/ Ghana
Pierre Marcolini,81,2006,72%,Belgium,4,Criollo,Mexico
Pierre Marcolini,93,2006,72%,Belgium,3,Criollo,Indonesia
Pierre Marcolini,93,2006,72%,Belgium,4,Criollo,Venezuela
Pinellas,1772,2016,80%,U.S.A.,2.5, ,Honduras
Pitch Dark,1506,2015,62%,U.S.A.,2.5, ,Nicaragua
Pitch Dark,1506,2015,80%,U.S.A.,2.75, ,Nicaragua
Pitch Dark,1510,2015,80%,U.S.A.,2.75,"Criollo, Trinitario",Nicaragua
Pitch Dark,1510,2015,80%,U.S.A.,2.75,Trinitario,Nicaragua
Pitch Dark,1510,2015,80%,U.S.A.,3.25, ,Nicaragua
Pitch Dark,1311,2014,73%,U.S.A.,3.25,Trinitario,Madagascar
Pitch Dark,1315,2014,73%,U.S.A.,2.5,Trinitario,Fiji
Pitch Dark,1319,2014,73%,U.S.A.,3.25, ,Ecuador
Pitch Dark,1319,2014,73%,U.S.A.,3.5, ,Ecuador
Pomm (aka Dead Dog),829,2012,76%,U.S.A.,2.5, ,Dominican Republic
Pomm (aka Dead Dog),829,2012,82%,U.S.A.,2.75,Criollo,Peru
Potomac,1820,2016,70%,U.S.A.,3.75, ,Domincan Republic
Potomac,1387,2014,70%,U.S.A.,3.75, ,Venezuela
Potomac,647,2011,70%,U.S.A.,3.5,Matina,Costa Rica
Potomac,654,2011,70%,U.S.A.,3,Matina,Costa Rica
Potomac,789,2011,70%,U.S.A.,2.75, ,Peru
Potomac,789,2011,70%,U.S.A.,3.5, ,Brazil
Potomac,607,2010,82%,U.S.A.,3.75,Matina,Costa Rica
Pralus,1446,2015,75%,France,3.25, ,Peru
Pralus,717,2011,75%,France,3.25,Criollo (Porcelana),Venezuela
Pralus,486,2010,75%,France,3.5,Trinitario,Venezuela
Pralus,451,2009,75%,France,2, ,Venezuela
Pralus,199,2008,75%,France,3,Trinitario,Papua New Guinea
Pralus,202,2008,100%,France,3,Criollo,Madagascar
Pralus,280,2008,75%,France,2, ,Dominican Republic
Pralus,280,2008,75%,France,3.5, ,Brazil
Pralus,162,2007,75%,France,4,Forastero,Sao Tome
Pralus,105,2006,75%,France,3,Forastero,Brazil
Pralus,105,2006,75%,France,3.5,Criollo,Tanzania
Pralus,5,2006,75%,France,3.5,Forastero,Sao Tome & Principe
Pralus,5,2006,75%,France,3.5,Trinitario,Trinidad
Pralus,5,2006,75%,France,3.75,Criollo,Madagascar
Pralus,32,2006,75%,France,3.5,Criollo,Indonesia
Pralus,32,2006,75%,France,3.5,Trinitario,Venezuela
Pralus,32,2006,75%,France,4,Trinitario,Jamaica
Pralus,40,2006,75%,France,3,Trinitario,Ecuador
Pralus,40,2006,75%,France,3,Trinitario,Vanuatu
Pralus,40,2006,75%,France,3.25,Forastero,Ghana
Pralus,40,2006,75%,France,3.5,Trinitario,Colombia
Pralus,93,2006,80%,France,4,"Criollo, Trinitario",Ecuador
Pralus,99,2006,75%,France,3,Trinitario,Cuba
Pralus,99,2006,75%,France,3,"Trinitario, Forastero","Venezuela, Ghana"
Pralus,99,2006,75%,France,3.5,"Criollo, Forastero","Indonesia, Ghana"
Pump Street Bakery,1872,2016,77%,U.K.,3.5, ,Ecuador
Pump Street Bakery,1502,2015,70%,U.K.,3.5,Trinitario,Grenada
Pump Street Bakery,1530,2015,74%,U.K.,3.5,Criollo,Madagascar
Pump Street Bakery,1688,2015,80%,U.K.,2.75, ,Honduras
Pump Street Bakery,1223,2014,75%,U.K.,2.75,Trinitario,Venezuela
Pump Street Bakery,1223,2014,75%,U.K.,3,Forastero (Nacional),Ecuador
Pump Street Bakery,1223,2014,72%,U.K.,3.25,Trinitario,Madagascar
Pump Street Bakery,1227,2014,85%,U.K.,2.75,Forastero (Nacional),Ecuador
Pura Delizia,931,2012,73%,Italy,2.75, ,Venezuela
Q Chocolate,1057,2013,75%,Brazil,3.25, ,Brazil
Q Chocolate,1057,2013,85%,Brazil,3.5, ,Brazil
Q Chocolate,1069,2013,55%,Brazil,2.75, ,Brazil
Q Chocolate,1069,2013,80%,Brazil,3.25, ,Brazil
Q Chocolate,935,2012,60%,Brazil,3, ,Brazil
Q Chocolate,935,2012,65%,Brazil,3.25, ,Brazil
Quetzalli (Wolter),1796,2016,70%,Mexico,2.75,Criollo,Mexico
Quetzalli (Wolter),1800,2016,74%,Mexico,3,Trinitario,Mexico
Raaka,1788,2016,70%,U.S.A.,3, ,"Peru(SMartin,Pangoa,nacional)"
Raaka,1708,2015,75%,U.S.A.,2.75,Forastero,Congo
Raaka,959,2012,75%,U.S.A.,3.25,Trinitario,Madagascar
Raaka,785,2011,85%,U.S.A.,3.5, ,Dominican Republic
Rain Republic,470,2010,70%,Guatemala,2.75, ,Guatemala
Rancho San Jacinto,565,2010,75%,Eucador,3,"Forastero(Arriba, CCN)",Ecuador
Ranger,1558,2015,70%,U.S.A.,2.5, ,Peru
Ranger,1562,2015,80%,U.S.A.,3.25, ,Peru
Ranger,1562,2015,73%,U.S.A.,3.5,Criollo,Peru
Raoul Boulanger,1872,2016,75%,France,3.25,Criollo,Peru
Raw Cocoa,867,2012,70%,Poland,2.5,Criollo, 
Republica del Cacao (aka Confecta),494,2010,75%,Ecuador,3.25, ,Ecuador
Republica del Cacao (aka Confecta),439,2009,75%,Ecuador,2.5,Forastero (Arriba),Ecuador
Republica del Cacao (aka Confecta),147,2007,75%,Ecuador,3,Forastero (Arriba),Ecuador
Republica del Cacao (aka Confecta),147,2007,67%,Ecuador,3.5,Forastero (Arriba),Ecuador
Republica del Cacao (aka Confecta),170,2007,75%,Ecuador,3.75,Forastero (Arriba),Ecuador
Ritual,1860,2016,75%,U.S.A.,3.75, ,Ecuador
Ritual,1466,2015,85%,U.S.A.,3.5, ,Ecuador
Ritual,1466,2015,70%,U.S.A.,3.5,Blend, 
Ritual,1089,2013,75%,U.S.A.,3.75,Trinitario,Belize
Ritual,1181,2013,75%,U.S.A.,3,Forastero (Nacional),Peru
Ritual,891,2012,75%,U.S.A.,4,Trinitario,Madagascar
Ritual,967,2012,75%,U.S.A.,3.25,Nacional (Arriba),Ecuador
Ritual,979,2012,75%,U.S.A.,3.5,Trinitario,Trinidad
Ritual,745,2011,75%,U.S.A.,3.5, ,Costa Rica
Roasting Masters,1844,2016,70%,South Korea,3.25, ,Costa Rica
Roasting Masters,1844,2016,70%,South Korea,3.25, ,Costa Rica
Roasting Masters,1844,2016,70%,South Korea,3.25, ,Costa Rica
Robert (aka Chocolaterie Robert),1061,2013,75%,Madagascar,3.25,Trinitario,Madagascar
Robert (aka Chocolaterie Robert),1061,2013,68%,Madagascar,3.25,Trinitario,Madagascar
Rococo (Grenada Chocolate Co.),923,2012,66%,U.K.,3.5,Trinitario,Grenada
Rogue,1748,2016,75%,U.S.A.,3.75, ,Honduras
Rogue,1446,2015,70%,U.S.A.,3.75, ,Venezuela
Rogue,1566,2015,75%,U.S.A.,3.25, ,Bolivia
Rogue,1209,2014,80%,U.S.A.,3.75,Criollo,Venezuela
Rogue,1038,2013,70%,U.S.A.,3.5,Trinitario,Madagascar
Rogue,1081,2013,70%,U.S.A.,3.5, ,Dominican Republic
Rogue,1081,2013,75%,U.S.A.,4, ,Bolivia
Rogue,1193,2013,75%,U.S.A.,3.75,Trinitario,Jamaica
Rogue,979,2012,75%,U.S.A.,3.75,Nacional (Arriba),Ecuador
Rogue,793,2011,75%,U.S.A.,3,Criollo,Bolivia
Rogue,565,2010,75%,U.S.A.,3.75, ,Peru
Rogue,327,2009,70%,U.S.A.,3.5,Trinitario,Venezuela
Rogue,213,2008,70%,U.S.A.,2.75, ,Dominican Republic
Rogue,213,2008,70%,U.S.A.,2.75,Trinitario,Jamaica
Rogue,213,2008,70%,U.S.A.,2.75,Trinitario,Madagascar
Rogue,213,2008,70%,U.S.A.,3,Trinitario,Trinidad
Rozsavolgyi,809,2012,84%,Hungary,2.5, ,Venezuela
Rozsavolgyi,871,2012,76%,Hungary,2.25,Trinitario,Venezuela
Rozsavolgyi,871,2012,72%,Hungary,2.5,Trinitario,Madagascar
Rozsavolgyi,713,2011,73%,Hungary,3.5,Criollo,Venezuela
Rozsavolgyi,717,2011,71%,Hungary,2.5, ,Venezuela
Rozsavolgyi,717,2011,70%,Hungary,3.5, ,Venezuela
Rozsavolgyi,765,2011,77%,Hungary,2.75,Forastero,Principe
S.A.I.D.,607,2010,64%,Italy,3.5,Trinitario,Madagascar
S.A.I.D.,615,2010,100%,Italy,1.5, , 
S.A.I.D.,615,2010,70%,Italy,3, ,Dominican Republic
S.A.I.D.,615,2010,72%,Italy,3.5, ,Carribean
S.A.I.D.,615,2010,72%,Italy,3.5, , 
Sacred,813,2012,83%,U.S.A.,2.75, ,Central and S. America
Sacred,813,2012,69%,U.S.A.,3.25, ,Central and S. America
Salgado,288,2008,70%,Argentina,3.5,Forastero,Brazil
Salgado,288,2008,70%,Argentina,3.5,Forastero (Nacional),Ecuador
Salgado,288,2008,70%,Argentina,3.5,Trinitario,Venezuela
Salgado,292,2008,70%,Argentina,3.5,Forastero (Arriba) ASSS,Ecuador
Santander (Compania Nacional),404,2009,75%,Colombia,2.75,Forastero (Nacional),Colombia
Santander (Compania Nacional),414,2009,70%,Colombia,3,Forastero (Nacional),Colombia
Santander (Compania Nacional),32,2006,53%,Colombia,2,Forastero (Nacional),Colombia
Santander (Compania Nacional),32,2006,65%,Colombia,3,Forastero (Nacional),Colombia
Santander (Compania Nacional),32,2006,70%,Colombia,4,Forastero (Nacional),Colombia
Santome,761,2011,70%,France,2.75,Forastero,Sao Tome
Scharffen Berger,959,2012,78%,U.S.A.,4, ,Peru
Scharffen Berger,781,2011,68%,U.S.A.,3.75, ,Papua New Guinea
Scharffen Berger,464,2010,68%,U.S.A.,3.5,Trinitario,Grenada
Scharffen Berger,464,2010,65%,U.S.A.,3.75,"Trinitario, Criollo",Madagascar
Scharffen Berger,336,2009,68%,U.S.A.,3.75, ,Brazil
Scharffen Berger,336,2009,65%,U.S.A.,4,Forastero,Ghana
Scharffen Berger,445,2009,72%,U.S.A.,3.75,Trinitario,Vietnam
Scharffen Berger,227,2008,72%,U.S.A.,3,Blend,"Ven., Trinidad, Mad."
Scharffen Berger,117,2007,72%,U.S.A.,3,Blend,Carribean(DR/Jam/Tri)
Scharffen Berger,135,2007,62%,U.S.A.,3, , 
Scharffen Berger,135,2007,75%,U.S.A.,3.75, ,Venezuela
Scharffen Berger,188,2007,75%,U.S.A.,3,Blend,Carribean
Scharffen Berger,15,2006,82%,U.S.A.,2, , 
Scharffen Berger,15,2006,70%,U.S.A.,3.5,Blend, 
Scharffen Berger,40,2006,68%,U.S.A.,2,Blend,Ghana & Madagascar
Scharffen Berger,56,2006,70%,U.S.A.,2,Trinitario,Jamaica
Scharffen Berger,56,2006,62%,U.S.A.,3,Blend, 
Seaforth,1658,2015,70%,U.K.,2.75, ,Domincan Republic
Seaforth,1658,2015,70%,U.K.,2.75, ,Grenada
Shark Mountain,1450,2015,72%,U.S.A.,3.25,Trinitario,Jamaica
Shark Mountain,1450,2015,73%,U.S.A.,3.5,Forastero,Papua New Guinea
Shark Mountain,1466,2015,77%,U.S.A.,2.75,Criollo,Venezuela
Shark Mountain,1466,2015,74%,U.S.A.,3.5,"Criollo, Trinitario",Dominican Republic
Shark Mountain,1335,2014,75%,U.S.A.,3,Trinitario,Ecuador
Shark Mountain,1335,2014,72%,U.S.A.,3.25,"Criollo, Trinitario",Belize
Shark's,713,2011,73%,U.S.A.,2, ,Hawaii
Shark's,721,2011,73%,U.S.A.,2.5, ,Hawaii
Shattel,1884,2016,70%,Peru,3.25, ,Peru
Shattell,757,2011,75%,Peru,3.5,Criollo,Peru
Sibu,1586,2015,82%,Costa Rica,3.25, ,Costa Rica
Sibu,1586,2015,70%,Costa Rica,3.5, ,Costa Rica
Sibu Sura,911,2012,70%,U.S.A.,2.5, ,Peru
Silvio Bessone,717,2011,67%,Italy,3,Criollo,Belize
Silvio Bessone,725,2011,65%,Italy,3.25,Forastero,Sao Tome
Silvio Bessone,729,2011,60%,Italy,3.25,Trinitario,Brazil
Silvio Bessone,741,2011,68%,Italy,3,"Criollo, Trinitario",Colombia
Sirene,1788,2016,73%,Canada,3.5, ,Bolivia
Sirene,1856,2016,73%,Canada,3.5, ,Tanzania
Sirene,1860,2016,73%,Canada,3.75, ,Ecuador
Sirene,1502,2015,100%,Canada,3,Trinitario,Madagascar
Sirene,1506,2015,100%,Canada,3, ,Ecuador
Sirene,1614,2015,73%,Canada,3, ,Guatemala
Sirene,1614,2015,73%,Canada,3.25, ,Guatemala
Sirene,1650,2015,73%,Canada,3.25, ,Haiti
Sirene,1339,2014,67%,Canada,3.75,Trinitario,Madagascar
Sirene,1339,2014,73%,Canada,3.75,Trinitario,Madagascar
Sirene,1343,2014,73%,Canada,3.75, ,Ecuador
Sjolinds,1454,2015,70%,U.S.A.,2.75,Forastero,Ghana
Sjolinds,1462,2015,72%,U.S.A.,3, ,Nicaragua
"Smooth Chocolator, The",1940,2017,70%,Australia,3.5, ,Dominican Republic
"Smooth Chocolator, The",1740,2016,70%,Australia,3.75,Criollo,Venezuela
"Smooth Chocolator, The",1740,2016,70%,Australia,4,Criollo,Ecuador
"Smooth Chocolator, The",1756,2016,70%,Australia,3.75, ,Belize
"Smooth Chocolator, The",1864,2016,70%,Australia,3,Trinitario,Vietnam
"Smooth Chocolator, The",1864,2016,67%,Australia,3.75, ,Australia
"Smooth Chocolator, The",1908,2016,70%,Australia,3.25, ,Guatemala
"Smooth Chocolator, The",1618,2015,65%,Australia,3.25,Trinitario,Madagascar
"Smooth Chocolator, The",1622,2015,70%,Australia,3.5,Trinitario,Madagascar
"Smooth Chocolator, The",1622,2015,67%,Australia,3.75, ,Tanzania
"Smooth Chocolator, The",1622,2015,70%,Australia,3.75,Trinitario,Trinidad
"Smooth Chocolator, The",1622,2015,72%,Australia,4, ,Ecuador
"Smooth Chocolator, The",1626,2015,72%,Australia,2.75, ,Bolivia
"Smooth Chocolator, The",1662,2015,65%,Australia,3.5, ,Papua New Guinea
"Smooth Chocolator, The",1666,2015,67%,Australia,3,Forastero (Nacional),Peru
"Smooth Chocolator, The",1666,2015,70%,Australia,3.75,Trinitario,Venezuela
Snake & Butterfly,693,2011,67%,U.S.A.,1.5,Forastero,Ghana
Snake & Butterfly,502,2010,68%,U.S.A.,3,Trinitario,Madagascar
Snake & Butterfly,502,2010,68%,U.S.A.,3.25, ,Ecuador
Sol Cacao,1812,2016,70%,U.S.A.,3.5, ,Ecuador
Sol Cacao,1518,2015,72%,U.S.A.,3,Trinitario,Madagascar
Solkiki,1840,2016,68%,U.K.,2.75,Forastero (Nacional),Peru
Solkiki,1840,2016,85%,U.K.,2.75, ,Domincan Republic
Solomons Gold,1792,2016,70%,New Zealand,3.25, ,Solomon Islands
Solomons Gold,1796,2016,75%,New Zealand,3.25, ,Solomon Islands
Solstice,1335,2014,70%,U.S.A.,3,"Forastero, Trinitario",Uganda
Solstice,1157,2013,70%,U.S.A.,3,Trinitario,Madagascar
Solstice,1157,2013,70%,U.S.A.,3, ,Venezuela
Solstice,1161,2013,70%,U.S.A.,3.25, ,Bolivia
Solstice,1161,2013,70%,U.S.A.,3.25, ,Peru
Solstice,1161,2013,70%,U.S.A.,3.5,Blend, 
Soma,1820,2016,62%,Canada,3.5, ,Domincan Republic
Soma,1820,2016,70%,Canada,3.5,Trinitario,Madagascar
Soma,1828,2016,70%,Canada,3.5,Forastero (Parazinho),Brazil
Soma,1828,2016,75%,Canada,3.75, ,"Ven.,Ecu.,Peru,Nic."
Soma,1828,2016,70%,Canada,3.75,Trinitario,Nicaragua
Soma,1828,2016,70%,Canada,4,Trinitario,Vietnam
Soma,1832,2016,70%,Canada,3.25, ,Ecuador
Soma,1594,2015,70%,Canada,3.5,Criollo,Venezuela
Soma,1594,2015,75%,Canada,4, ,Venezuela
Soma,1227,2014,70%,Canada,3.5, ,Nicaragua
Soma,1259,2014,70%,Canada,3.75,Forastero (Nacional),Peru
Soma,1307,2014,70%,Canada,3.25,Trinitario,Nicaragua
Soma,1307,2014,80%,Canada,3.5,Forastero (Nacional),Ecuador
Soma,1307,2014,70%,Canada,3.75,Forastero (Amelonado),Vanuatu
Soma,1339,2014,70%,Canada,3.25,Blend,Madagascar & Ecuador
Soma,1019,2013,77%,Canada,3.75,Trinitario,Dominican Republic
Soma,1030,2013,70%,Canada,3.25,Criollo,Indonesia
Soma,1073,2013,70%,Canada,2.75,Criollo,Peru
Soma,1073,2013,70%,Canada,3.75,Trinitario,Trinidad
Soma,1077,2013,70%,Canada,3.25, , 
Soma,1077,2013,70%,Canada,3.75,Criollo,Venezuela
Soma,1077,2013,88%,Canada,4, ,"Guat., D.R., Peru, Mad., PNG"
Soma,1077,2013,70%,Canada,4,Criollo,Venezuela
Soma,1081,2013,67%,Canada,4, ,"Peru, Dom. Rep"
Soma,1173,2013,70%,Canada,3.25,Forastero,Venezuela
Soma,1177,2013,70%,Canada,4,Trinitario,Jamaica
Soma,817,2012,70%,Canada,3.25, ,Haiti
Soma,833,2012,70%,Canada,3.75, ,Hawaii
Soma,867,2012,70%,Canada,4,Blend,"Dom. Rep., Madagascar"
Soma,867,2012,70%,Canada,4,Blend,"Gre., PNG, Haw., Haiti, Mad"
Soma,951,2012,70%,Canada,3.5,Trinitario,Guatemala
Soma,951,2012,70%,Canada,3.75,Trinitario,Venezuela
Soma,967,2012,70%,Canada,3.5,Blend,"Mad., Java, PNG"
Soma,983,2012,85%,Canada,3.5,Trinitario,Papua New Guinea
Soma,676,2011,70%,Canada,2.75,Trinitario,Grenada
Soma,676,2011,70%,Canada,3.5,Nacional,Bolivia
Soma,676,2011,64%,Canada,4, ,Peru
Soma,676,2011,70%,Canada,4,,"Ven, Bolivia, D.R."
Soma,682,2011,70%,Canada,3.75,Forastero,Dominican Republic
Soma,688,2011,70%,Canada,3.5,Criollo,Venezuela
Soma,607,2010,70%,Canada,3.75,"Trinitario, Nacional","DR, Ecuador, Peru"
Soma,377,2009,70%,Canada,3,Forastero,Dominican Republic
Soma,377,2009,70%,Canada,3.5,Forastero,Ghana
Soma,387,2009,70%,Canada,3,Trinitario,Dominican Republic
Soma,387,2009,70%,Canada,3.5,Trinitario,Papua New Guinea
Soma,387,2009,70%,Canada,3.75,Criollo,Madagascar
Soma,387,2009,70%,Canada,3.75,Criollo,Venezuela
Somerville,1367,2014,70%,U.S.A.,3.25, ,Nicaragua
Somerville,1395,2014,70%,U.S.A.,3.5, ,Hawaii
Soul,1932,2017,70%,Canada,3.25, ,Dominican Republic
Soul,1936,2017,70%,Canada,3.5, ,Madagascar
Soul,1936,2017,75%,Canada,3.5, ,Venezuela
Soul,1936,2017,75%,Canada,3.25, ,Ecuador
Soul,1936,2017,77%,Canada,3.25, ,Papua New Guinea
Soul,1940,2017,80%,Canada,3.5, ,Tanzania
Spagnvola,793,2012,70%,U.S.A.,3, ,Dominican Republic
Spagnvola,793,2012,80%,U.S.A.,3, ,Dominican Republic
Spagnvola,793,2012,75%,U.S.A.,3.25, ,Dominican Republic
Spencer,1932,2017,70%,U.S.A.,3.75, ,Dominican Republic
Spencer,1932,2017,70%,U.S.A.,3.5, ,Ecuador
Spencer,1932,2017,70%,U.S.A.,2.75, ,Peru
Spencer,1792,2016,70%,Australia,3.5, ,Domincan Republic
Spencer,1792,2016,70%,Australia,3.75, ,Ecuador
Spencer,1792,2016,70%,Australia,3.75, ,Madagascar
Spencer,1434,2014,72%,Australia,2.75,Trinitario,Vanuatu
Sprungli (Felchlin),1057,2013,70%,Switzerland,3,Criollo,Bolivia
SRSLY,1113,2013,70%,U.S.A.,3, ,Dominican Republic
SRSLY,1121,2013,84%,U.S.A.,2.25, ,Dominican Republic
Starchild,1634,2015,70%,U.S.A.,3,Forastero (Nacional),Ecuador
Starchild,1692,2015,70%,U.S.A.,3, ,Domincan Republic
Starchild,1692,2015,70%,U.S.A.,3, ,Guatemala
Starchild,1692,2015,70%,U.S.A.,3,Trinitario (Amelonado),Nicaragua
Starchild,1696,2015,70%,U.S.A.,3,Trinitario,Madagascar
Stella (aka Bernrain),859,2012,68%,Switzerland,2.75,Trinitario,Brazil
Stella (aka Bernrain),729,2011,72%,Switzerland,3.25, ,India
Stone Grindz,1291,2014,84%,U.S.A.,3.5, ,Ecuador
Stone Grindz,1291,2014,70%,U.S.A.,3.5, ,Ecuador
StRita Supreme,939,2012,65%,U.S.A.,2.5, ,Philippines
StRita Supreme,943,2012,70%,U.S.A.,2.5, ,Philippines
StRita Supreme,943,2012,75%,U.S.A.,2.75, ,Philippines
Sublime Origins,1157,2013,67%,U.S.A.,2.75,Trinitario,Madagascar
Sublime Origins,1157,2013,78%,U.S.A.,3.25,Trinitario,Belize
Summerbird,1800,2016,61%,Denmark,2.5,"Criollo, Trinitario",Peru
Summerbird,1800,2016,71%,Denmark,3,"Criollo, Trinitario",Peru
Suruca Chocolate,1796,2016,70%,Venezuela,2.75, ,Venezuela
Suruca Chocolate,1796,2016,60%,Venezuela,3, ,Venezuela
Svenska Kakaobolaget,1618,2015,70%,Sweden,2.75,"Criollo, Trinitario",Sri Lanka
Szanto Tibor,1668,2015,70%,Hungary,3.25, ,Ecuador
Szanto Tibor,1704,2015,88%,Hungary,3.25,Trinitario,Cuba
Szanto Tibor,1704,2015,70%,Hungary,3.25,Trinitario,Madagascar
Szanto Tibor,1704,2015,70%,Hungary,3.75,Forastero (Nacional),Ecuador
Szanto Tibor,1708,2015,70%,Hungary,3.25,Trinitario,Vietnam
Szanto Tibor,1708,2015,70%,Hungary,3.5,Forastero (Parazinho),Brazil
Szanto Tibor,1263,2014,70%,Hungary,3.5,Criollo,Venezuela
Szanto Tibor,1263,2014,70%,Hungary,3.75,Trinitario,Cuba
Szanto Tibor,1185,2013,70%,Hungary,3.5,Criollo,Madagascar
Szanto Tibor,1185,2013,70%,Hungary,3.5,Criollo,Madagascar
Szanto Tibor,1193,2013,70%,Hungary,3.25, ,Nicaragua
Szanto Tibor,939,2012,70%,Hungary,3.25, ,Dominican Republic
Szanto Tibor,939,2012,70%,Hungary,3.25, ,Madagascar
Szanto Tibor,939,2012,70%,Hungary,3.75, ,Peru
Szanto Tibor,761,2011,70%,Hungary,3, ,Venezuela
Tabal,1101,2013,70%,U.S.A.,2.75, ,Costa Rica
Tabal,1101,2013,70%,U.S.A.,2.75, ,Dominican Republic
Tabal,1105,2013,70%,U.S.A.,2.5, ,Mexico
Tabal,1105,2013,70%,U.S.A.,3, ,Peru
Tablette (aka Vanillabeans),1450,2015,70%,Japan,3, ,Colombia
Tablette (aka Vanillabeans),1450,2015,62%,Japan,3.25, ,Papua New Guinea
Tablette (aka Vanillabeans),1450,2015,60%,Japan,3.25,Trinitario,Vietnam
Tablette (aka Vanillabeans),1680,2015,77%,Japan,2.75,Trinitario,Trinidad
Tan Ban Skrati,1868,2016,70%,Suriname,3.25,Trinitario,Suriname
Taza,1271,2014,68%,U.S.A.,3,Trinitario,Belize
Taza,785,2011,87%,U.S.A.,3.25, ,Bolivia
Taza,451,2009,75%,U.S.A.,2.75, ,Mexico
Taza,180,2007,70%,U.S.A.,3, ,Dominican Republic
TCHO,1716,2016,62%,U.S.A.,2,Forastero,West Africa
TCHO,915,2012,99%,U.S.A.,3.25, ,"Peru, Ecuador"
TCHO,387,2009,60%,U.S.A.,2.75, , 
TCHO,387,2009,68%,U.S.A.,3, , 
TCHO,199,2008,70%,U.S.A.,2.5,Forastero,Ghana
TCHO,280,2008,70%,U.S.A.,2.5, ,Peru
TCHO,280,2008,70%,U.S.A.,2.75, ,Madagascar
TCHO,284,2008,70%,U.S.A.,2.5, ,Peru
Tejas,801,2012,70%,U.S.A.,2.75, ,Madagascar
Tejas,801,2012,70%,U.S.A.,3,Blend,"Ecuador, Mad., PNG"
Tejas,805,2012,70%,U.S.A.,3, ,Papua New Guinea
Tejas,805,2012,70%,U.S.A.,3.5, ,Dominican Republic
Tejas,817,2012,70%,U.S.A.,3.25, ,Ecuador
Tejas,821,2012,70%,U.S.A.,2, ,Peru
Tejas,825,2012,70%,U.S.A.,3.25, ,Ecuador
Tejas,829,2012,70%,U.S.A.,2.75, ,Bolivia
Tejas,829,2012,70%,U.S.A.,3, ,Madagascar
Tejas,833,2012,70%,U.S.A.,3.25, ,Mexico
Tejas,967,2012,70%,U.S.A.,2.75, ,Brazil
Tejas,971,2012,80%,U.S.A.,3, ,Venezuela
Tejas,971,2012,67%,U.S.A.,3.25, ,Bolivia
Tejas,971,2012,70%,U.S.A.,3.5,Forastero (Parazinho),Brazil
Terroir,1478,2015,70%,U.S.A.,2.75, ,Peru
Terroir,1478,2015,70%,U.S.A.,3.75,Trinitario,Belize
Terroir,1478,2015,70%,U.S.A.,3.75,Trinitario,Madagascar
Terroir,1482,2015,70%,U.S.A.,3.25, ,Ecuador
Terroir,1554,2015,70%,U.S.A.,3.5, ,Domincan Republic
Terroir,1558,2015,70%,U.S.A.,3.75,Trinitario,Guatemala
Terroir,1323,2014,77%,U.S.A.,3.25, ,Ecuador
Terroir,1323,2014,67%,U.S.A.,3.75,Trinitario,Madagascar
Terroir,1323,2014,73%,U.S.A.,3.75,Forastero,Uganda
The Barn,1614,2015,70%,Sweden,3, ,Peru
Theo,903,2012,65%,U.S.A.,3.25,Forastero,Congo
Theo,162,2007,65%,U.S.A.,3.5,Trinitario,Madagascar
Theo,184,2007,75%,U.S.A.,2.5, ,Ivory Coast
Theo,184,2007,84%,U.S.A.,3,Forastero,Ghana
Theo,188,2007,91%,U.S.A.,2,Blend,Venezuela
Theo,188,2007,75%,U.S.A.,3,Blend,"Ghana, Panama, Ecuador"
Theobroma,1684,2015,70%,Japan,3.25, ,Peru
Timo A. Meyer,1836,2016,72%,Germany,3.75,"Trinitario, TCGA",Belize
To'ak (Ecuatoriana),1418,2014,81%,Ecuador,3.25,Forastero (Nacional),Ecuador
Tobago Estate (Pralus),895,2012,70%,France,4,Trinitario,Tobago
Tocoti,927,2012,77%,U.S.A.,3,Criollo,Bolivia
Tocoti,789,2011,72%,U.S.A.,2.75, ,Venezuela
Tocoti,789,2011,74%,U.S.A.,3, ,Dominican Republic
Treehouse,1239,2014,72%,U.S.A.,3, ,Dominican Republic
Tsara (Cinagra),753,2011,72%,Madagascar,3.5, ,Madagascar
twenty-four blackbirds,1700,2015,75%,U.S.A.,2.75, ,Domincan Republic
twenty-four blackbirds,1700,2015,75%,U.S.A.,3.5, ,Ecuador
twenty-four blackbirds,1235,2014,75%,U.S.A.,3.5,Trinitario,Madagascar
twenty-four blackbirds,1022,2013,68%,U.S.A.,3.25, ,Dominican Republic
twenty-four blackbirds,1026,2013,75%,U.S.A.,2.5, ,Bolivia
twenty-four blackbirds,753,2011,73%,U.S.A.,2.75, ,Dominican Republic
Two Ravens,1740,2016,60%,U.S.A.,3,Criollo,Peru
Un Dimanche A Paris,709,2011,63%,France,3.75, ,Dominican Republic
Undone,1438,2014,74%,U.S.A.,2.75, ,Nicaragua
Undone,1438,2014,70%,U.S.A.,3, ,Dominican Republic
Upchurch,1752,2016,72%,U.S.A.,3,Trinitario,Madagascar
Upchurch,1752,2016,72%,U.S.A.,3.25, ,Tanzania
Urzi,1327,2014,65%,Italy,3.25,Trinitario,Venezuela
Valrhona,1510,2015,63%,France,4, ,Peru
Valrhona,1145,2013,70%,France,3.5, , 
Valrhona,1153,2013,64%,France,3.5, ,Dominican Republic
Valrhona,931,2012,69%,France,4, ,Venezuela
Valrhona,709,2011,56%,France,3.25, , 
Valrhona,757,2011,64%,France,4,Criollo,Venezuela
Valrhona,327,2009,64%,France,3.75, ,Dominican Republic
Valrhona,370,2009,66%,France,3.75, ,Ecuador
Valrhona,395,2009,68%,France,3.5,Forastero,Ghana
Valrhona,117,2007,72%,France,3,Blend,"Venezuela, Carribean"
Valrhona,129,2007,65%,France,3.75,Trinitario,Venezuela
Valrhona,129,2007,64%,France,4,"Criollo, Trinitario",Madagascar
Valrhona,147,2007,85%,France,1.5, , 
Valrhona,153,2007,85%,France,2.5,Forastero,West Africa
Valrhona,157,2007,71%,France,2.75,Forastero,West Africa
Valrhona,162,2007,64%,France,3.25,Criollo (Porcelana),Venezuela
Valrhona,63,2006,66%,France,3,Trinitario,Carribean
Valrhona,63,2006,70%,France,4,"Criollo, Trinitario",South America
Valrhona,75,2006,64%,France,2.5,Trinitario,Trinidad
Valrhona,75,2006,64%,France,3,Criollo (Porcelana),Venezuela
Valrhona,75,2006,64%,France,3.5,Trinitario,Madagascar
Vanleer (Barry Callebaut),963,2012,72%,U.S.A.,2.5,Forastero,Ghana
Vanleer (Barry Callebaut),963,2012,65%,U.S.A.,2.75,Forastero,Ghana
Vao Vao (Chocolaterie Robert),404,2009,72%,Madagascar,2.75,Trinitario,Madagascar
Vao Vao (Chocolaterie Robert),404,2009,76%,Madagascar,2.75,Trinitario,Madagascar
Vao Vao (Chocolaterie Robert),404,2009,80%,Madagascar,2.75,Trinitario,Madagascar
Vao Vao (Chocolaterie Robert),404,2009,70%,Madagascar,3,Trinitario,Madagascar
Vao Vao (Chocolaterie Robert),404,2009,68%,Madagascar,3,Trinitario,Madagascar
Vao Vao (Chocolaterie Robert),404,2009,64%,Madagascar,3.25,Trinitario,Madagascar
Vicuna,1470,2015,70%,U.S.A.,3.25, ,Bolivia
Vicuna,1470,2015,70%,U.S.A.,3.25, ,Bolivia
Videri,1211,2014,90%,U.S.A.,3.25, ,Dominican Republic
Videri,1211,2014,75%,U.S.A.,3.5,Trinitario,Trinidad
Videri,1227,2014,75%,U.S.A.,3.5, ,Ecuador
Videri,1117,2013,90%,U.S.A.,3.75, ,Central and S. America
Videri,991,2012,70%,U.S.A.,3.25, ,Central and S. America
Vietcacao (A. Morin),951,2012,70%,France,3.5,Trinitario,Vietnam
Vintage Plantations,1205,2014,75%,U.S.A.,3, ,Peru
Vintage Plantations (Tulicorp),153,2007,100%,U.S.A.,2,Forastero (Arriba),Ecuador
Vintage Plantations (Tulicorp),153,2007,90%,U.S.A.,2,Forastero (Arriba),Ecuador
Vintage Plantations (Tulicorp),153,2007,75%,U.S.A.,3,Forastero (Arriba),Ecuador
Vintage Plantations (Tulicorp),153,2007,65%,U.S.A.,3,Forastero (Arriba),Ecuador
Violet Sky,1458,2015,77%,U.S.A.,2.75,Trinitario,Madagascar
Violet Sky,1458,2015,77%,U.S.A.,3,"Criollo, Trinitario",Belize
Violet Sky,1458,2015,77%,U.S.A.,3,Criollo,Venezuela
Violet Sky,1458,2015,77%,U.S.A.,3.25,"Criollo, Trinitario",Peru
Violet Sky,1502,2015,77%,U.S.A.,2.75,Trinitario,Guatemala
Vivra,1720,2016,70%,U.S.A.,2.5, ,Peru
Vivra,1720,2016,70%,U.S.A.,2.5, ,Venezuela
Vivra,1724,2016,70%,U.S.A.,3, ,Domincan Republic
Wellington Chocolate Factory,1756,2016,70%,New Zealand,3.5,Trinitario,Dominican Republic
Wellington Chocolate Factory,1756,2016,70%,New Zealand,3.5, ,Peru
Whittakers,733,2011,72%,New Zealand,2.5,Forastero,Ghana
Wilkie's Organic,1169,2013,75%,Ireland,2.5,Criollo,Peru
Wilkie's Organic,1169,2013,89%,Ireland,2.75,Criollo,Peru
Wilkie's Organic,1169,2013,75%,Ireland,3.25,Criollo,Peru
Wilkie's Organic,1173,2013,75%,Ireland,2.75,Criollo,Peru
Willie's Cacao,1848,2016,70%,U.K.,4, ,Colombia
Willie's Cacao,1227,2014,88%,U.K.,3,Trinitario,Colombia
Willie's Cacao,1109,2013,100%,U.K.,2.25, ,Indonesia
Willie's Cacao,593,2010,71%,U.K.,3,Trinitario,Madagascar
Willie's Cacao,593,2010,72%,U.K.,3.5, ,Venezuela
Willie's Cacao,593,2010,69%,U.K.,3.75, ,Indonesia
Willie's Cacao,457,2009,70%,U.K.,3, ,Peru
Willie's Cacao,457,2009,72%,U.K.,3.25,Trinitario,Venezuela
Wm,1912,2016,74%,U.S.A.,3,Criollo,Venezuela
Wm,1912,2016,76%,U.S.A.,3.5, ,Bolivia
Wm,1916,2016,75%,U.S.A.,3.75, ,Ghana
Woodblock,1243,2014,70%,U.S.A.,3,Forastero (Nacional),Peru
Woodblock,1042,2013,70%,U.S.A.,3.25, ,Ecuador
Woodblock,1042,2013,70%,U.S.A.,3.5,Trinitario,Trinidad
Woodblock,825,2012,70%,U.S.A.,2.5, ,Ecuador
Woodblock,825,2012,70%,U.S.A.,3, ,Costa Rica
Woodblock,951,2012,70%,U.S.A.,3.25,Trinitario,Madagascar
Woodblock,741,2011,70%,U.S.A.,4, ,Venezuela
Woodblock,769,2011,70%,U.S.A.,3.5, ,Dominican Republic
Xocolat,1057,2013,66%,Domincan Republic,3, ,Dominican Republic
Xocolla,1948,2017,70%,U.S.A.,2.75, ,Madagascar
Xocolla,1948,2017,70%,U.S.A.,2.5, ,Dominican Republic
Zak's,1574,2015,70%,U.S.A.,3, ,Papua New Guinea
Zak's,1578,2015,70%,U.S.A.,3.25, ,Domincan Republic
Zak's,1578,2015,70%,U.S.A.,3.25,Trinitario,Madagascar
Zak's,1578,2015,70%,U.S.A.,3.25, ,Peru
Zak's,1578,2015,70%,U.S.A.,3.5,Trinitario,Belize
Zak's,1582,2015,60%,U.S.A.,3, , 
Zart Pralinen,1820,2016,70%,Austria,3.5,"Criollo, Trinitario",Madagascar
Zart Pralinen,1824,2016,70%,Austria,2.75,Nacional (Arriba),Ecuador
Zart Pralinen,1824,2016,85%,Austria,2.75,Trinitario,Trinidad
Zart Pralinen,1824,2016,85%,Austria,3,"Criollo, Trinitario",Tanzania
Zart Pralinen,1824,2016,70%,Austria,3.5,"Criollo, Trinitario",Tanzania
Zart Pralinen,1880,2016,78%,Austria,3.5,Trinitario,Trinidad
Zokoko,1716,2016,78%,Australia,3.75, ,Solomon Islands
Zokoko,1780,2016,65%,Australia,3.25, , 
Zokoko,697,2011,68%,Australia,3.5, ,Bolivia
Zokoko,701,2011,66%,Australia,3.5,Trinitario,Papua New Guinea
Zokoko,701,2011,72%,Australia,3.75, ,Bolivia
Zotter,1205,2014,80%,Austria,2.75, , 
Zotter,801,2012,72%,Austria,3.5, ,Panama
Zotter,801,2012,65%,Austria,3.5, , 
Zotter,875,2012,70%,Austria,3,Criollo (Amarru),Peru
Zotter,875,2012,70%,Austria,3.5,Criollo (Amarru),Peru
Zotter,875,2012,62%,Austria,3.75, ,Dominican Republic
Zotter,879,2012,75%,Austria,3,Forastero (Nacional),Ecuador
Zotter,879,2012,75%,Austria,3,"Criollo, Trinitario",Papua New Guinea
Zotter,879,2012,90%,Austria,3.25, ,Bolivia
Zotter,879,2012,70%,Austria,3.75, ,Dominican Republic
Zotter,883,2012,68%,Austria,3.25,Forastero,Congo
Zotter,883,2012,58%,Austria,3.5, , 
Zotter,647,2011,70%,Austria,3.75, ,Peru
Zotter,749,2011,65%,Austria,3,Forastero,Congo
Zotter,749,2011,65%,Austria,3.5,Forastero,India
Zotter,781,2011,62%,Austria,3.25, ,India
Zotter,486,2010,65%,Austria,3, ,Brazil
